filename	set	source_label	segment_index	brain_state	recording_region	source_archive	source_member	source_member_sha256	n_samples	min	max	n_samples_at_2047	n_samples_at_minus2048
ieeg/sub-pooled_task-interictal_acq-setC_run-001_ieeg.vhdr	C	N	1	interictal	hippocampal formation of the hemisphere opposite to the epileptogenic zone (depth electrode)	N.zip	N001.TXT	22d80ff9af78edabc2f2489abc73b3f5ba9526ee980cd854d880d3b4eb70a366	4097	-226	132	0	0
ieeg/sub-pooled_task-interictal_acq-setC_run-002_ieeg.vhdr	C	N	2	interictal	hippocampal formation of the hemisphere opposite to the epileptogenic zone (depth electrode)	N.zip	N002.TXT	0af7b5d2b9096c3c2d6d99522febee837824a6447d06af8a4004c400da921ebf	4097	-277	251	0	0
ieeg/sub-pooled_task-interictal_acq-setC_run-003_ieeg.vhdr	C	N	3	interictal	hippocampal formation of the hemisphere opposite to the epileptogenic zone (depth electrode)	N.zip	N003.TXT	63461cb2d1dc60605a36561e9e62990c816da5f1fc0fb5084a4d527472b3d449	4097	-198	128	0	0
ieeg/sub-pooled_task-interictal_acq-setC_run-004_ieeg.vhdr	C	N	4	interictal	hippocampal formation of the hemisphere opposite to the epileptogenic zone (depth electrode)	N.zip	N004.TXT	bea7018212412f8488152193952a489cd3ad03f07bd4a457610b2ecaf23d63e6	4097	-116	244	0	0
ieeg/sub-pooled_task-interictal_acq-setC_run-005_ieeg.vhdr	C	N	5	interictal	hippocampal formation of the hemisphere opposite to the epileptogenic zone (depth electrode)	N.zip	N005.TXT	d8435f4312e88464492363abe8fe710fa3dfb5f9eccce7708ac2aa4ec72f46b2	4097	-374	623	0	0
ieeg/sub-pooled_task-interictal_acq-setC_run-006_ieeg.vhdr	C	N	6	interictal	hippocampal formation of the hemisphere opposite to the epileptogenic zone (depth electrode)	N.zip	N006.TXT	22b23607c801ec8c7eac266d3eeeaaa8c4d0e7e66c64d559f0bba2bb69d67131	4097	-247	201	0	0
ieeg/sub-pooled_task-interictal_acq-setC_run-007_ieeg.vhdr	C	N	7	interictal	hippocampal formation of the hemisphere opposite to the epileptogenic zone (depth electrode)	N.zip	N007.TXT	cbcbfc3c38ee54cfd8516334b73659932a5bba9a1a3ed4d15ff10fb7ff285be6	4097	-181	196	0	0
ieeg/sub-pooled_task-interictal_acq-setC_run-008_ieeg.vhdr	C	N	8	interictal	hippocampal formation of the hemisphere opposite to the epileptogenic zone (depth electrode)	N.zip	N008.TXT	c9bed127cd9584c0212d02ac0c17c9406cf66eb03e7ebd401b52644363d28053	4097	-220	59	0	0
ieeg/sub-pooled_task-interictal_acq-setC_run-009_ieeg.vhdr	C	N	9	interictal	hippocampal formation of the hemisphere opposite to the epileptogenic zone (depth electrode)	N.zip	N009.TXT	2e26aeaa95cc9add1e15787a81826f51de253c12992a88dfd8277823e85dce9c	4097	-217	280	0	0
ieeg/sub-pooled_task-interictal_acq-setC_run-010_ieeg.vhdr	C	N	10	interictal	hippocampal formation of the hemisphere opposite to the epileptogenic zone (depth electrode)	N.zip	N010.TXT	f3acc45d7570eaffc181a90d74b19cec43bfd157a14ee1f6e92cf915c0d5fce3	4097	-138	129	0	0
ieeg/sub-pooled_task-interictal_acq-setC_run-011_ieeg.vhdr	C	N	11	interictal	hippocampal formation of the hemisphere opposite to the epileptogenic zone (depth electrode)	N.zip	N011.TXT	878411329cbb49cf237c7fdeb3a68c586063bd4df2312a09fd9b99c02e7f7ced	4097	-117	68	0	0
ieeg/sub-pooled_task-interictal_acq-setC_run-012_ieeg.vhdr	C	N	12	interictal	hippocampal formation of the hemisphere opposite to the epileptogenic zone (depth electrode)	N.zip	N012.TXT	6a7e67378239c14c5d129b796a62ac8ddc0d8068e665544767c59f0db7e15768	4097	-224	282	0	0
ieeg/sub-pooled_task-interictal_acq-setC_run-013_ieeg.vhdr	C	N	13	interictal	hippocampal formation of the hemisphere opposite to the epileptogenic zone (depth electrode)	N.zip	N013.TXT	39e7864f0509302a831f710bf5b19366ff74f109b6df8f9cb9dbfa68c3fd12bd	4097	-134	121	0	0
ieeg/sub-pooled_task-interictal_acq-setC_run-014_ieeg.vhdr	C	N	14	interictal	hippocampal formation of the hemisphere opposite to the epileptogenic zone (depth electrode)	N.zip	N014.TXT	c7293d45de4e57dea937ff1f531dd9aa82689ac5d04c92740f7d24b0e4a2deb9	4097	-187	74	0	0
ieeg/sub-pooled_task-interictal_acq-setC_run-015_ieeg.vhdr	C	N	15	interictal	hippocampal formation of the hemisphere opposite to the epileptogenic zone (depth electrode)	N.zip	N015.TXT	cda7dc7a944df8bf87463bb3415a498e691b10785eb957afcaa30a2ce2a2e9a6	4097	-299	256	0	0
ieeg/sub-pooled_task-interictal_acq-setC_run-016_ieeg.vhdr	C	N	16	interictal	hippocampal formation of the hemisphere opposite to the epileptogenic zone (depth electrode)	N.zip	N016.TXT	82265dc67ee8a7cee52fa3baac60d52e0c2708ab50d1b9b2e907e6b4983c105e	4097	-165	149	0	0
ieeg/sub-pooled_task-interictal_acq-setC_run-017_ieeg.vhdr	C	N	17	interictal	hippocampal formation of the hemisphere opposite to the epileptogenic zone (depth electrode)	N.zip	N017.TXT	8a898deb00a7d557a0e815b1af6a9276a8d53f14fddaf0a609aed6036bae6e54	4097	-319	189	0	0
ieeg/sub-pooled_task-interictal_acq-setC_run-018_ieeg.vhdr	C	N	18	interictal	hippocampal formation of the hemisphere opposite to the epileptogenic zone (depth electrode)	N.zip	N018.TXT	5b47006d546bce74bc487b2593336775f252e5d4275fa6e4b1ecaf176182678c	4097	-149	138	0	0
ieeg/sub-pooled_task-interictal_acq-setC_run-019_ieeg.vhdr	C	N	19	interictal	hippocampal formation of the hemisphere opposite to the epileptogenic zone (depth electrode)	N.zip	N019.TXT	18415e5bf6021c43bd107714e20b0008bdc37d6c0df3c39357df5eef0c53033d	4097	-136	272	0	0
ieeg/sub-pooled_task-interictal_acq-setC_run-020_ieeg.vhdr	C	N	20	interictal	hippocampal formation of the hemisphere opposite to the epileptogenic zone (depth electrode)	N.zip	N020.TXT	0770fe4d2b481b9ed0d625130c5c705d39c778e6d0202136001f116b59243dc4	4097	-171	81	0	0
ieeg/sub-pooled_task-interictal_acq-setC_run-021_ieeg.vhdr	C	N	21	interictal	hippocampal formation of the hemisphere opposite to the epileptogenic zone (depth electrode)	N.zip	N021.TXT	86c2fbe0a6497ba2cb38bf9fa0245cf331291a1635928bf6b64686a13311907b	4097	-194	174	0	0
ieeg/sub-pooled_task-interictal_acq-setC_run-022_ieeg.vhdr	C	N	22	interictal	hippocampal formation of the hemisphere opposite to the epileptogenic zone (depth electrode)	N.zip	N022.TXT	0e79ebfb75a09eb100e954b1989d930bdde4c42f5d1a78fc18374c489bc965b2	4097	-239	143	0	0
ieeg/sub-pooled_task-interictal_acq-setC_run-023_ieeg.vhdr	C	N	23	interictal	hippocampal formation of the hemisphere opposite to the epileptogenic zone (depth electrode)	N.zip	N023.TXT	db37e52f4012cb55db79de1d90c5f24afc7139bd23ed17a3daa112d7e0a3a7f2	4097	-116	66	0	0
ieeg/sub-pooled_task-interictal_acq-setC_run-024_ieeg.vhdr	C	N	24	interictal	hippocampal formation of the hemisphere opposite to the epileptogenic zone (depth electrode)	N.zip	N024.TXT	54be9bb0f91ee7bcdf92af209d7cfa16b67a12e071002a34a48c040f79aec2a6	4097	-275	198	0	0
ieeg/sub-pooled_task-interictal_acq-setC_run-025_ieeg.vhdr	C	N	25	interictal	hippocampal formation of the hemisphere opposite to the epileptogenic zone (depth electrode)	N.zip	N025.TXT	1ea428487c70b854d9e5303aecc89c8e9a5488f4769399bd315b226b01e12bf3	4097	-201	103	0	0
ieeg/sub-pooled_task-interictal_acq-setC_run-026_ieeg.vhdr	C	N	26	interictal	hippocampal formation of the hemisphere opposite to the epileptogenic zone (depth electrode)	N.zip	N026.TXT	de923f8dfc038135dd50af018e070e60609baf698c9600c8d9c0e3c7e9c20147	4097	-100	62	0	0
ieeg/sub-pooled_task-interictal_acq-setC_run-027_ieeg.vhdr	C	N	27	interictal	hippocampal formation of the hemisphere opposite to the epileptogenic zone (depth electrode)	N.zip	N027.TXT	d19b77f9d1861ab7ff49555599c545728ad09ce50a52e7410b7c3e5804685910	4097	-93	100	0	0
ieeg/sub-pooled_task-interictal_acq-setC_run-028_ieeg.vhdr	C	N	28	interictal	hippocampal formation of the hemisphere opposite to the epileptogenic zone (depth electrode)	N.zip	N028.TXT	4d0ef947395baccca72a211e17f3605202e5c5bf0e08e975cf6fa9f0392ff272	4097	-103	70	0	0
ieeg/sub-pooled_task-interictal_acq-setC_run-029_ieeg.vhdr	C	N	29	interictal	hippocampal formation of the hemisphere opposite to the epileptogenic zone (depth electrode)	N.zip	N029.TXT	66776125767c2f97f25ded524cb6d815d01e8df9cddfb80874aa5ad814e7ffe6	4097	-155	195	0	0
ieeg/sub-pooled_task-interictal_acq-setC_run-030_ieeg.vhdr	C	N	30	interictal	hippocampal formation of the hemisphere opposite to the epileptogenic zone (depth electrode)	N.zip	N030.TXT	00c6a6851c4ccb6c4a98c39a9e169a7e55705ea82cd6ad93bbe3d38e771671ab	4097	-233	145	0	0
ieeg/sub-pooled_task-interictal_acq-setC_run-031_ieeg.vhdr	C	N	31	interictal	hippocampal formation of the hemisphere opposite to the epileptogenic zone (depth electrode)	N.zip	N031.TXT	847639da8ae1dd9c62bf42a8ccdb9c6635daf28cee9c8c91bd98c64fda388e8d	4097	-175	117	0	0
ieeg/sub-pooled_task-interictal_acq-setC_run-032_ieeg.vhdr	C	N	32	interictal	hippocampal formation of the hemisphere opposite to the epileptogenic zone (depth electrode)	N.zip	N032.TXT	674235b42a8eb2fd9ed8493fe1b3439492e07031622c85e634e6d9462efad7ba	4097	-167	108	0	0
ieeg/sub-pooled_task-interictal_acq-setC_run-033_ieeg.vhdr	C	N	33	interictal	hippocampal formation of the hemisphere opposite to the epileptogenic zone (depth electrode)	N.zip	N033.TXT	85db7ec2ef7fe8357ce3a1da940c09caa1d291af2107d790e87c7db83f3b5233	4097	-214	214	0	0
ieeg/sub-pooled_task-interictal_acq-setC_run-034_ieeg.vhdr	C	N	34	interictal	hippocampal formation of the hemisphere opposite to the epileptogenic zone (depth electrode)	N.zip	N034.TXT	13beb9900e70f7a60a629d56cc895bbc4a7313cb1e1abcc3a14cffc45646be43	4097	-237	239	0	0
ieeg/sub-pooled_task-interictal_acq-setC_run-035_ieeg.vhdr	C	N	35	interictal	hippocampal formation of the hemisphere opposite to the epileptogenic zone (depth electrode)	N.zip	N035.TXT	abd4382265fbf40c549526174c9721d944fe9f362a425b5c89a2dc8e825fa5dc	4097	-201	115	0	0
ieeg/sub-pooled_task-interictal_acq-setC_run-036_ieeg.vhdr	C	N	36	interictal	hippocampal formation of the hemisphere opposite to the epileptogenic zone (depth electrode)	N.zip	N036.TXT	bba5170bf40d06e74813377b33a0cbcef9a93894a7ca3fb34d24f8cdd5c55235	4097	-258	168	0	0
ieeg/sub-pooled_task-interictal_acq-setC_run-037_ieeg.vhdr	C	N	37	interictal	hippocampal formation of the hemisphere opposite to the epileptogenic zone (depth electrode)	N.zip	N037.TXT	eaf68b8f1c314e3d7de13472cc679c3dfc2c17e2c7eb7de9de9fc2358e8538b3	4097	-256	220	0	0
ieeg/sub-pooled_task-interictal_acq-setC_run-038_ieeg.vhdr	C	N	38	interictal	hippocampal formation of the hemisphere opposite to the epileptogenic zone (depth electrode)	N.zip	N038.TXT	a920a3ac1877c0a1e527ff07fb533714e22705981725a3bd6fbc775b03abad83	4097	-159	156	0	0
ieeg/sub-pooled_task-interictal_acq-setC_run-039_ieeg.vhdr	C	N	39	interictal	hippocampal formation of the hemisphere opposite to the epileptogenic zone (depth electrode)	N.zip	N039.TXT	4c47abe0fc1e6c1158f7e9729a8205578665c6b7b6eed2a0c1baa3666c0c57c7	4097	-176	233	0	0
ieeg/sub-pooled_task-interictal_acq-setC_run-040_ieeg.vhdr	C	N	40	interictal	hippocampal formation of the hemisphere opposite to the epileptogenic zone (depth electrode)	N.zip	N040.TXT	c2065dc9f42234082aadbabc567fb432cd65d5278fc6cd2ffe7568ed827dd80f	4097	-213	184	0	0
ieeg/sub-pooled_task-interictal_acq-setC_run-041_ieeg.vhdr	C	N	41	interictal	hippocampal formation of the hemisphere opposite to the epileptogenic zone (depth electrode)	N.zip	N041.TXT	c49c86a8351b26b417a29000be044c25dbcd590397b3f51ca3d8ef9a16064a68	4097	-130	110	0	0
ieeg/sub-pooled_task-interictal_acq-setC_run-042_ieeg.vhdr	C	N	42	interictal	hippocampal formation of the hemisphere opposite to the epileptogenic zone (depth electrode)	N.zip	N042.TXT	dd51e8e5f24af89cbf41273c6015dcf258b3740ce7d1fb166c91d540c619e805	4097	-321	202	0	0
ieeg/sub-pooled_task-interictal_acq-setC_run-043_ieeg.vhdr	C	N	43	interictal	hippocampal formation of the hemisphere opposite to the epileptogenic zone (depth electrode)	N.zip	N043.TXT	e17f62e259f6eb8f3f2d9fc1f79699c0180f908b7ef0ca0be961843bfaeec08e	4097	-207	212	0	0
ieeg/sub-pooled_task-interictal_acq-setC_run-044_ieeg.vhdr	C	N	44	interictal	hippocampal formation of the hemisphere opposite to the epileptogenic zone (depth electrode)	N.zip	N044.TXT	c8bf50a5f76ffedbb2f33bb4d56262ad7f22fa2e331011de899c3be52a78770b	4097	-179	159	0	0
ieeg/sub-pooled_task-interictal_acq-setC_run-045_ieeg.vhdr	C	N	45	interictal	hippocampal formation of the hemisphere opposite to the epileptogenic zone (depth electrode)	N.zip	N045.TXT	3c5f587ee4b7dfe616fb5565601b4cabe2866a80f12c5fdd8da9a96613b88a78	4097	-222	96	0	0
ieeg/sub-pooled_task-interictal_acq-setC_run-046_ieeg.vhdr	C	N	46	interictal	hippocampal formation of the hemisphere opposite to the epileptogenic zone (depth electrode)	N.zip	N046.TXT	0f9eb340a914a1883eea8236060a4ec3010e188453191f31b165641691039be8	4097	-128	70	0	0
ieeg/sub-pooled_task-interictal_acq-setC_run-047_ieeg.vhdr	C	N	47	interictal	hippocampal formation of the hemisphere opposite to the epileptogenic zone (depth electrode)	N.zip	N047.TXT	87a5288815c1190129a6f30322cb89c5c54d6d0e4f6d3ec59a58f7304722cde5	4097	-261	231	0	0
ieeg/sub-pooled_task-interictal_acq-setC_run-048_ieeg.vhdr	C	N	48	interictal	hippocampal formation of the hemisphere opposite to the epileptogenic zone (depth electrode)	N.zip	N048.TXT	8a27976b76236d4280150472911bd66572c20e367644348f82beffa4611a4ebd	4097	-215	167	0	0
ieeg/sub-pooled_task-interictal_acq-setC_run-049_ieeg.vhdr	C	N	49	interictal	hippocampal formation of the hemisphere opposite to the epileptogenic zone (depth electrode)	N.zip	N049.TXT	49a5d9bc2ae831944ad03d2845e87b7df90fa7d9cea50a17ebe0fba8ee581111	4097	-87	208	0	0
ieeg/sub-pooled_task-interictal_acq-setC_run-050_ieeg.vhdr	C	N	50	interictal	hippocampal formation of the hemisphere opposite to the epileptogenic zone (depth electrode)	N.zip	N050.TXT	b033f436c0a4cf9232aa6e30f9ec77ed6788c85c60d10f3c3a39096f4cae2481	4097	-412	399	0	0
ieeg/sub-pooled_task-interictal_acq-setC_run-051_ieeg.vhdr	C	N	51	interictal	hippocampal formation of the hemisphere opposite to the epileptogenic zone (depth electrode)	N.zip	N051.TXT	f6f5f6d260d5d2313828320f5516c880f5ef8eae3cf7c351d7da8b776b5307c9	4097	-239	320	0	0
ieeg/sub-pooled_task-interictal_acq-setC_run-052_ieeg.vhdr	C	N	52	interictal	hippocampal formation of the hemisphere opposite to the epileptogenic zone (depth electrode)	N.zip	N052.TXT	f6b3a29a158cce5198b62320915ebbe9e355bcf054afaf9a9bcf40172cfd7b13	4097	-252	255	0	0
ieeg/sub-pooled_task-interictal_acq-setC_run-053_ieeg.vhdr	C	N	53	interictal	hippocampal formation of the hemisphere opposite to the epileptogenic zone (depth electrode)	N.zip	N053.TXT	9a564e6ef2644474ccd1e5c4ef65b78b0dc16595efef40dda1babdafb7b24115	4097	-222	152	0	0
ieeg/sub-pooled_task-interictal_acq-setC_run-054_ieeg.vhdr	C	N	54	interictal	hippocampal formation of the hemisphere opposite to the epileptogenic zone (depth electrode)	N.zip	N054.TXT	22f666e4723c982c2ed36c1625adc7690da4574afd76f88f36a6029a40743db8	4097	-205	179	0	0
ieeg/sub-pooled_task-interictal_acq-setC_run-055_ieeg.vhdr	C	N	55	interictal	hippocampal formation of the hemisphere opposite to the epileptogenic zone (depth electrode)	N.zip	N055.TXT	e336d9e6054f2f1b2275def9168abe442749c7c4586c22283cc517a1ded7848d	4097	-144	101	0	0
ieeg/sub-pooled_task-interictal_acq-setC_run-056_ieeg.vhdr	C	N	56	interictal	hippocampal formation of the hemisphere opposite to the epileptogenic zone (depth electrode)	N.zip	N056.TXT	5a863ae1b4d672b33247bef6166af33cf8ad27c00518a13f65911196e86ee9da	4097	-290	262	0	0
ieeg/sub-pooled_task-interictal_acq-setC_run-057_ieeg.vhdr	C	N	57	interictal	hippocampal formation of the hemisphere opposite to the epileptogenic zone (depth electrode)	N.zip	N057.TXT	cc498855b5a48f2fea40ac67af6f185260529e1c08ff7abb72f8da9841b18787	4097	-98	69	0	0
ieeg/sub-pooled_task-interictal_acq-setC_run-058_ieeg.vhdr	C	N	58	interictal	hippocampal formation of the hemisphere opposite to the epileptogenic zone (depth electrode)	N.zip	N058.TXT	bf6ef248ae92e6f881b0b6544625a0955e0d4db5579f866385fd70e30773367c	4097	-263	104	0	0
ieeg/sub-pooled_task-interictal_acq-setC_run-059_ieeg.vhdr	C	N	59	interictal	hippocampal formation of the hemisphere opposite to the epileptogenic zone (depth electrode)	N.zip	N059.TXT	93da72c0b6a8694f374f11cf2fa60b002dfe17353ae88865e27d245350627760	4097	-85	46	0	0
ieeg/sub-pooled_task-interictal_acq-setC_run-060_ieeg.vhdr	C	N	60	interictal	hippocampal formation of the hemisphere opposite to the epileptogenic zone (depth electrode)	N.zip	N060.TXT	f80cf72161ff2f9b645c715b5d827637020857e87eca94405197c6608d09df36	4097	-257	347	0	0
ieeg/sub-pooled_task-interictal_acq-setC_run-061_ieeg.vhdr	C	N	61	interictal	hippocampal formation of the hemisphere opposite to the epileptogenic zone (depth electrode)	N.zip	N061.TXT	9982e32bd4ce567d72c8da21d2182c82de2e69c5b97dd7416e928e5078b79988	4097	-119	106	0	0
ieeg/sub-pooled_task-interictal_acq-setC_run-062_ieeg.vhdr	C	N	62	interictal	hippocampal formation of the hemisphere opposite to the epileptogenic zone (depth electrode)	N.zip	N062.TXT	45f12f2023d93d5cb6c6f4701c054e36996178a4de99f263869003aeaa6aa19d	4097	-131	112	0	0
ieeg/sub-pooled_task-interictal_acq-setC_run-063_ieeg.vhdr	C	N	63	interictal	hippocampal formation of the hemisphere opposite to the epileptogenic zone (depth electrode)	N.zip	N063.TXT	1f364c73d1abcf1ee90596b16d376db92073fcb3d8cd36e092bd1b1b1f9e0f5d	4097	-201	99	0	0
ieeg/sub-pooled_task-interictal_acq-setC_run-064_ieeg.vhdr	C	N	64	interictal	hippocampal formation of the hemisphere opposite to the epileptogenic zone (depth electrode)	N.zip	N064.TXT	f89293bea34929685c5fac8cb83b9a502fd5b2ca866434c6c6669acbf4bfc1f0	4097	-201	168	0	0
ieeg/sub-pooled_task-interictal_acq-setC_run-065_ieeg.vhdr	C	N	65	interictal	hippocampal formation of the hemisphere opposite to the epileptogenic zone (depth electrode)	N.zip	N065.TXT	22460c10b6b9f042193f8a1f4f8295fea8911ee3ffa926700c5b088b3cbc0593	4097	-221	97	0	0
ieeg/sub-pooled_task-interictal_acq-setC_run-066_ieeg.vhdr	C	N	66	interictal	hippocampal formation of the hemisphere opposite to the epileptogenic zone (depth electrode)	N.zip	N066.TXT	1436ef7c750bcb31701a4da574bd8ebbd7fc4a377f9a66229a4e87239558e0f8	4097	-309	201	0	0
ieeg/sub-pooled_task-interictal_acq-setC_run-067_ieeg.vhdr	C	N	67	interictal	hippocampal formation of the hemisphere opposite to the epileptogenic zone (depth electrode)	N.zip	N067.TXT	e1bee9419a0ddb0286c612cb39e0fbc88ab3bd29a9223341b38f9dce0da79d8a	4097	-137	68	0	0
ieeg/sub-pooled_task-interictal_acq-setC_run-068_ieeg.vhdr	C	N	68	interictal	hippocampal formation of the hemisphere opposite to the epileptogenic zone (depth electrode)	N.zip	N068.TXT	6e2f43979c7aa79a50143e4ff4e342ad4eaa67d9c976c04a2dcc78326a05aa1c	4097	-341	217	0	0
ieeg/sub-pooled_task-interictal_acq-setC_run-069_ieeg.vhdr	C	N	69	interictal	hippocampal formation of the hemisphere opposite to the epileptogenic zone (depth electrode)	N.zip	N069.TXT	6f8829cacbab11ad81dbf241cc7bcf4931ba867baa7bfbeada988b36e42840dc	4097	-145	183	0	0
ieeg/sub-pooled_task-interictal_acq-setC_run-070_ieeg.vhdr	C	N	70	interictal	hippocampal formation of the hemisphere opposite to the epileptogenic zone (depth electrode)	N.zip	N070.TXT	9dc49679b93382d59b02e5df4d569aa7ff02b60cd71c2a580460a34022d24ce2	4097	-164	251	0	0
ieeg/sub-pooled_task-interictal_acq-setC_run-071_ieeg.vhdr	C	N	71	interictal	hippocampal formation of the hemisphere opposite to the epileptogenic zone (depth electrode)	N.zip	N071.TXT	f821010b5dc16e5497771603d28fdb659b342b8321c041cf757cd7c717877f6e	4097	-389	219	0	0
ieeg/sub-pooled_task-interictal_acq-setC_run-072_ieeg.vhdr	C	N	72	interictal	hippocampal formation of the hemisphere opposite to the epileptogenic zone (depth electrode)	N.zip	N072.TXT	56018d153378e1e3a1a6b4fcf3d81df1178dd809efb3f3fedb0f3cbd4592a671	4097	-204	149	0	0
ieeg/sub-pooled_task-interictal_acq-setC_run-073_ieeg.vhdr	C	N	73	interictal	hippocampal formation of the hemisphere opposite to the epileptogenic zone (depth electrode)	N.zip	N073.TXT	ccb534b591c59a4836f52805d325f038dd8e9819e86150851b6b5d05cd1206ff	4097	-168	126	0	0
ieeg/sub-pooled_task-interictal_acq-setC_run-074_ieeg.vhdr	C	N	74	interictal	hippocampal formation of the hemisphere opposite to the epileptogenic zone (depth electrode)	N.zip	N074.TXT	a56f3dcfde0c030a3c85fd4f65183b3a5770073b425eb073a0e8d9fa683d56eb	4097	-72	64	0	0
ieeg/sub-pooled_task-interictal_acq-setC_run-075_ieeg.vhdr	C	N	75	interictal	hippocampal formation of the hemisphere opposite to the epileptogenic zone (depth electrode)	N.zip	N075.TXT	5096fd0cd40c1ce576ad49420dfb966bbb2dde03f08a8899d13ea04099ae84ef	4097	-144	164	0	0
ieeg/sub-pooled_task-interictal_acq-setC_run-076_ieeg.vhdr	C	N	76	interictal	hippocampal formation of the hemisphere opposite to the epileptogenic zone (depth electrode)	N.zip	N076.TXT	88e78e1ed68720fa344be97c53416dd366d656bda8a3ad4748913b40d677a629	4097	-183	127	0	0
ieeg/sub-pooled_task-interictal_acq-setC_run-077_ieeg.vhdr	C	N	77	interictal	hippocampal formation of the hemisphere opposite to the epileptogenic zone (depth electrode)	N.zip	N077.TXT	88dddcf5488d78b3d3b9b5f472ff09e258b9ef733ed0e106f7507755610f153c	4097	-322	166	0	0
ieeg/sub-pooled_task-interictal_acq-setC_run-078_ieeg.vhdr	C	N	78	interictal	hippocampal formation of the hemisphere opposite to the epileptogenic zone (depth electrode)	N.zip	N078.TXT	7b567e487b5b74e165f15f6900bd554022efac3c0c3bfc713fa05218bf1d4829	4097	-337	224	0	0
ieeg/sub-pooled_task-interictal_acq-setC_run-079_ieeg.vhdr	C	N	79	interictal	hippocampal formation of the hemisphere opposite to the epileptogenic zone (depth electrode)	N.zip	N079.TXT	497536f88feebe63e4864dc5b248737399c428c438154c42ab02e6a61add9835	4097	-260	223	0	0
ieeg/sub-pooled_task-interictal_acq-setC_run-080_ieeg.vhdr	C	N	80	interictal	hippocampal formation of the hemisphere opposite to the epileptogenic zone (depth electrode)	N.zip	N080.TXT	904be7876c437f073301371db0972af5e715c239a4ae65e64b1f1a32a2d54ec0	4097	-331	319	0	0
ieeg/sub-pooled_task-interictal_acq-setC_run-081_ieeg.vhdr	C	N	81	interictal	hippocampal formation of the hemisphere opposite to the epileptogenic zone (depth electrode)	N.zip	N081.TXT	4300bffadee63e0787bbc7c4e5fcfe5d07a7b1c9d3f84ae86ece45ac67a1d813	4097	-112	92	0	0
ieeg/sub-pooled_task-interictal_acq-setC_run-082_ieeg.vhdr	C	N	82	interictal	hippocampal formation of the hemisphere opposite to the epileptogenic zone (depth electrode)	N.zip	N082.TXT	691a7f17beebe6780acfc37a0d920168abd1eb5f861f6c71180b6a899c50c438	4097	-128	236	0	0
ieeg/sub-pooled_task-interictal_acq-setC_run-083_ieeg.vhdr	C	N	83	interictal	hippocampal formation of the hemisphere opposite to the epileptogenic zone (depth electrode)	N.zip	N083.TXT	e896937e17e515de7e7099913949e9d2a5fbfa4917ad77a2763e2f45ed313f5e	4097	-158	-25	0	0
ieeg/sub-pooled_task-interictal_acq-setC_run-084_ieeg.vhdr	C	N	84	interictal	hippocampal formation of the hemisphere opposite to the epileptogenic zone (depth electrode)	N.zip	N084.TXT	35b5902176328588ceec4b58a7acc3cb304ef0550fc7fa2c5565439b7fcd4a2c	4097	-207	188	0	0
ieeg/sub-pooled_task-interictal_acq-setC_run-085_ieeg.vhdr	C	N	85	interictal	hippocampal formation of the hemisphere opposite to the epileptogenic zone (depth electrode)	N.zip	N085.TXT	431972e8cf3efa98e2f8dcc8768f6aa19700752bc720450dbb51c8ee7d6a18f4	4097	-205	194	0	0
ieeg/sub-pooled_task-interictal_acq-setC_run-086_ieeg.vhdr	C	N	86	interictal	hippocampal formation of the hemisphere opposite to the epileptogenic zone (depth electrode)	N.zip	N086.TXT	56605183a2e9708268980c55bf02d0921a1b7cef8fe96d8335ca0d9b60b51148	4097	-139	110	0	0
ieeg/sub-pooled_task-interictal_acq-setC_run-087_ieeg.vhdr	C	N	87	interictal	hippocampal formation of the hemisphere opposite to the epileptogenic zone (depth electrode)	N.zip	N087.TXT	1ca5884b842de31c5f99353a379a5be287a0def0f6abd701254d19fcec51d990	4097	-73	118	0	0
ieeg/sub-pooled_task-interictal_acq-setC_run-088_ieeg.vhdr	C	N	88	interictal	hippocampal formation of the hemisphere opposite to the epileptogenic zone (depth electrode)	N.zip	N088.TXT	75f15da764098936acae6bf4bdcb0202529350b76fe3ff307ebe0742b3b553fd	4097	-107	116	0	0
ieeg/sub-pooled_task-interictal_acq-setC_run-089_ieeg.vhdr	C	N	89	interictal	hippocampal formation of the hemisphere opposite to the epileptogenic zone (depth electrode)	N.zip	N089.TXT	c20aec7a2ed7294d243d9f2c8ea7ca32c67fcd5e7055821ddc236f6b7931b314	4097	-336	160	0	0
ieeg/sub-pooled_task-interictal_acq-setC_run-090_ieeg.vhdr	C	N	90	interictal	hippocampal formation of the hemisphere opposite to the epileptogenic zone (depth electrode)	N.zip	N090.TXT	60f1789fc5474c647dada7c847fd76c6f7bb2b468b2ec6e77f4a0c514386423f	4097	-137	88	0	0
ieeg/sub-pooled_task-interictal_acq-setC_run-091_ieeg.vhdr	C	N	91	interictal	hippocampal formation of the hemisphere opposite to the epileptogenic zone (depth electrode)	N.zip	N091.TXT	4cd8d98d55e1eef50201b19fb67755de6f1e0aea7495d9666382a26d7505f9e6	4097	-287	418	0	0
ieeg/sub-pooled_task-interictal_acq-setC_run-092_ieeg.vhdr	C	N	92	interictal	hippocampal formation of the hemisphere opposite to the epileptogenic zone (depth electrode)	N.zip	N092.TXT	03e45b596ac0437f4f9d5dbb16c9c8274c984b60ad8deb574664fb80b7a1b6e6	4097	-355	232	0	0
ieeg/sub-pooled_task-interictal_acq-setC_run-093_ieeg.vhdr	C	N	93	interictal	hippocampal formation of the hemisphere opposite to the epileptogenic zone (depth electrode)	N.zip	N093.TXT	302b08ec656d8558a968941a14c49fc0ee08af50fccd4519fc310e2c2a2b0c5b	4097	-115	73	0	0
ieeg/sub-pooled_task-interictal_acq-setC_run-094_ieeg.vhdr	C	N	94	interictal	hippocampal formation of the hemisphere opposite to the epileptogenic zone (depth electrode)	N.zip	N094.TXT	90046f0b15e3dcf8faa555cce88b58727b30acc154ce4b3774d3329b56d6fea5	4097	-288	212	0	0
ieeg/sub-pooled_task-interictal_acq-setC_run-095_ieeg.vhdr	C	N	95	interictal	hippocampal formation of the hemisphere opposite to the epileptogenic zone (depth electrode)	N.zip	N095.TXT	068100279b9ce64680df626eb6f009919ad5672884951bfbab582eb165bbf230	4097	-228	240	0	0
ieeg/sub-pooled_task-interictal_acq-setC_run-096_ieeg.vhdr	C	N	96	interictal	hippocampal formation of the hemisphere opposite to the epileptogenic zone (depth electrode)	N.zip	N096.TXT	a3d062edd5793cd2a26beb4153384635d3c69d68d284cfc6140ccfb77b10d7c4	4097	-248	254	0	0
ieeg/sub-pooled_task-interictal_acq-setC_run-097_ieeg.vhdr	C	N	97	interictal	hippocampal formation of the hemisphere opposite to the epileptogenic zone (depth electrode)	N.zip	N097.TXT	b8ecd705c3d02c5dde062d4e3f3d3d5da5584b9767041f1d619912b0e52621e0	4097	-162	-1	0	0
ieeg/sub-pooled_task-interictal_acq-setC_run-098_ieeg.vhdr	C	N	98	interictal	hippocampal formation of the hemisphere opposite to the epileptogenic zone (depth electrode)	N.zip	N098.TXT	ec2c851d9f37ce0de86df6bde9c35c12efeff894d0840eb59033b5727ec2a15a	4097	-280	206	0	0
ieeg/sub-pooled_task-interictal_acq-setC_run-099_ieeg.vhdr	C	N	99	interictal	hippocampal formation of the hemisphere opposite to the epileptogenic zone (depth electrode)	N.zip	N099.TXT	b484aec8f846622a5d6b9b36ded9bb48c1cbc9ab2eb29748694ada36bea50351	4097	-242	255	0	0
ieeg/sub-pooled_task-interictal_acq-setC_run-100_ieeg.vhdr	C	N	100	interictal	hippocampal formation of the hemisphere opposite to the epileptogenic zone (depth electrode)	N.zip	N100.TXT	d45224fcd3d3718b5e1cabe28d818ca0790c9edc2c6877e908dc342e9a6d9245	4097	-173	153	0	0
ieeg/sub-pooled_task-interictal_acq-setD_run-001_ieeg.vhdr	D	F	1	interictal	within the epileptogenic zone (hippocampal formation, depth electrode)	F.zip	F001.txt	1382b2ff432ef97d2efe6ae3ab1b320ad14b2ee62a4a46c8369f7f27a619cb25	4097	-64	123	0	0
ieeg/sub-pooled_task-interictal_acq-setD_run-002_ieeg.vhdr	D	F	2	interictal	within the epileptogenic zone (hippocampal formation, depth electrode)	F.zip	F002.txt	0ff4a4ad783ee39939121d7e50413b376fa0bda460deb6d8f223bf267ef5d441	4097	-269	893	0	0
ieeg/sub-pooled_task-interictal_acq-setD_run-003_ieeg.vhdr	D	F	3	interictal	within the epileptogenic zone (hippocampal formation, depth electrode)	F.zip	F003.txt	e5f49b7f44d992306ac973a705827fa26bbf928b3f3ea4565d740ab793a49ee4	4097	-253	181	0	0
ieeg/sub-pooled_task-interictal_acq-setD_run-004_ieeg.vhdr	D	F	4	interictal	within the epileptogenic zone (hippocampal formation, depth electrode)	F.zip	F004.txt	29929c3be9b8bdb5139b1d8562740ad002605c7a8d0b191d505ed77bcce4ab47	4097	-177	76	0	0
ieeg/sub-pooled_task-interictal_acq-setD_run-005_ieeg.vhdr	D	F	5	interictal	within the epileptogenic zone (hippocampal formation, depth electrode)	F.zip	F005.txt	105603d06b5c5d988e0f407aedfc8e79bd3b678ec9965124b2c3a8d32b66c147	4097	-401	295	0	0
ieeg/sub-pooled_task-interictal_acq-setD_run-006_ieeg.vhdr	D	F	6	interictal	within the epileptogenic zone (hippocampal formation, depth electrode)	F.zip	F006.txt	9a653078b28e20edea6cd2177124f6830a715c83c66a69677e3c77573a5ccba2	4097	-114	45	0	0
ieeg/sub-pooled_task-interictal_acq-setD_run-007_ieeg.vhdr	D	F	7	interictal	within the epileptogenic zone (hippocampal formation, depth electrode)	F.zip	F007.txt	5524d56ca92c221484cd28efc3a7c0f2a9b383aed52c5eb46a0ba9027686ceb9	4097	-180	131	0	0
ieeg/sub-pooled_task-interictal_acq-setD_run-008_ieeg.vhdr	D	F	8	interictal	within the epileptogenic zone (hippocampal formation, depth electrode)	F.zip	F008.txt	e9d59a8c79ee2dcfe6d63804bd5bf988b628284d199dfd70ad0f17409e7fa46a	4097	-275	752	0	0
ieeg/sub-pooled_task-interictal_acq-setD_run-009_ieeg.vhdr	D	F	9	interictal	within the epileptogenic zone (hippocampal formation, depth electrode)	F.zip	F009.txt	10b5584694da3ff716587c79b37761a5d8a8f4dc56bfadfe4950f519408d5b0c	4097	-569	2047	52	0
ieeg/sub-pooled_task-interictal_acq-setD_run-010_ieeg.vhdr	D	F	10	interictal	within the epileptogenic zone (hippocampal formation, depth electrode)	F.zip	F010.txt	417681b8a71c0ec3d8608a790e875619baed9b16d428f09a55287ac91fee0136	4097	-250	928	0	0
ieeg/sub-pooled_task-interictal_acq-setD_run-011_ieeg.vhdr	D	F	11	interictal	within the epileptogenic zone (hippocampal formation, depth electrode)	F.zip	F011.txt	6f8acc60f2d7b2810680d7922260d89c313deb4d21d8f65c3871e3a5b3a982c5	4097	-273	105	0	0
ieeg/sub-pooled_task-interictal_acq-setD_run-012_ieeg.vhdr	D	F	12	interictal	within the epileptogenic zone (hippocampal formation, depth electrode)	F.zip	F012.txt	3bc97eda977a44258f7487bfee28b47f06c778e894413f3c883a4c09a84d2d18	4097	-152	173	0	0
ieeg/sub-pooled_task-interictal_acq-setD_run-013_ieeg.vhdr	D	F	13	interictal	within the epileptogenic zone (hippocampal formation, depth electrode)	F.zip	F013.txt	7ec5959c18fc7f264cd4ad1b15bc2f0d369547e707e0767c320404f7418131fa	4097	-90	89	0	0
ieeg/sub-pooled_task-interictal_acq-setD_run-014_ieeg.vhdr	D	F	14	interictal	within the epileptogenic zone (hippocampal formation, depth electrode)	F.zip	F014.txt	3ce623e981594feea6e0fc858c7f2de367b2b1412416a910a11ace3abc69c728	4097	-115	84	0	0
ieeg/sub-pooled_task-interictal_acq-setD_run-015_ieeg.vhdr	D	F	15	interictal	within the epileptogenic zone (hippocampal formation, depth electrode)	F.zip	F015.txt	74fd72a8dda274ffc9ee598c4a7057d3c6aa88146b2a8768030d616d2b962ab9	4097	-84	103	0	0
ieeg/sub-pooled_task-interictal_acq-setD_run-016_ieeg.vhdr	D	F	16	interictal	within the epileptogenic zone (hippocampal formation, depth electrode)	F.zip	F016.txt	652944c1716f3ca6fa013d9ebc899f1e5dd8d766117a9e4f68e9237adc4c4bfa	4097	-174	180	0	0
ieeg/sub-pooled_task-interictal_acq-setD_run-017_ieeg.vhdr	D	F	17	interictal	within the epileptogenic zone (hippocampal formation, depth electrode)	F.zip	F017.txt	64f997bd4e4cdc752a5ad51a6e0f9234d6f69f0b0a50295e1e2c9ebb553d3560	4097	-124	105	0	0
ieeg/sub-pooled_task-interictal_acq-setD_run-018_ieeg.vhdr	D	F	18	interictal	within the epileptogenic zone (hippocampal formation, depth electrode)	F.zip	F018.txt	c7576502962aa63a699b489df9a9e39d77fe2607c1e09fdc4a31db90c594a811	4097	-262	228	0	0
ieeg/sub-pooled_task-interictal_acq-setD_run-019_ieeg.vhdr	D	F	19	interictal	within the epileptogenic zone (hippocampal formation, depth electrode)	F.zip	F019.txt	e000e439d48e57a92eb04def67abe92355fc706f63233d6587249aba8108c70c	4097	-298	65	0	0
ieeg/sub-pooled_task-interictal_acq-setD_run-020_ieeg.vhdr	D	F	20	interictal	within the epileptogenic zone (hippocampal formation, depth electrode)	F.zip	F020.txt	5f5c819e53c2b34244c6ddd6f3a4bcf287884dc2ecf6779ab6597a1489fc59d5	4097	-152	226	0	0
ieeg/sub-pooled_task-interictal_acq-setD_run-021_ieeg.vhdr	D	F	21	interictal	within the epileptogenic zone (hippocampal formation, depth electrode)	F.zip	F021.txt	f55eec9ef5caa2a8812c99c21e7263fb6c9029f4e6af05b560b010fdfd4e5ae2	4097	-764	647	0	0
ieeg/sub-pooled_task-interictal_acq-setD_run-022_ieeg.vhdr	D	F	22	interictal	within the epileptogenic zone (hippocampal formation, depth electrode)	F.zip	F022.txt	fd105f63eb6f3e65c5cdf482c689ba38dd686714b0f45444b129e025813c274b	4097	-250	189	0	0
ieeg/sub-pooled_task-interictal_acq-setD_run-023_ieeg.vhdr	D	F	23	interictal	within the epileptogenic zone (hippocampal formation, depth electrode)	F.zip	F023.txt	e6073ee57815a0d7a7026671089d73379ed2bc30b9895b404e1ce6b13d3b7356	4097	-281	239	0	0
ieeg/sub-pooled_task-interictal_acq-setD_run-024_ieeg.vhdr	D	F	24	interictal	within the epileptogenic zone (hippocampal formation, depth electrode)	F.zip	F024.txt	6b59aa894e7305c4346b3de7afe17339550d8a8a7a49aac321adf8f4e7ee69af	4097	-265	245	0	0
ieeg/sub-pooled_task-interictal_acq-setD_run-025_ieeg.vhdr	D	F	25	interictal	within the epileptogenic zone (hippocampal formation, depth electrode)	F.zip	F025.txt	f579d8bb47c42c116560137cf08956d78a385060938018c1e7225dacffc97473	4097	-306	327	0	0
ieeg/sub-pooled_task-interictal_acq-setD_run-026_ieeg.vhdr	D	F	26	interictal	within the epileptogenic zone (hippocampal formation, depth electrode)	F.zip	F026.txt	167705bb941fcc4805fdf3a5edd6a45c91b84d0c3b87101a236abd689d558385	4097	-95	80	0	0
ieeg/sub-pooled_task-interictal_acq-setD_run-027_ieeg.vhdr	D	F	27	interictal	within the epileptogenic zone (hippocampal formation, depth electrode)	F.zip	F027.txt	93ccd33e3dad0695aae4250852f806fff5963ba68e07a0173bb0c847436ab137	4097	-248	182	0	0
ieeg/sub-pooled_task-interictal_acq-setD_run-028_ieeg.vhdr	D	F	28	interictal	within the epileptogenic zone (hippocampal formation, depth electrode)	F.zip	F028.txt	c1ae7d0aa708f1897e748bebfa979fb4269cc1c090c193b0be89e647df82bc80	4097	-207	97	0	0
ieeg/sub-pooled_task-interictal_acq-setD_run-029_ieeg.vhdr	D	F	29	interictal	within the epileptogenic zone (hippocampal formation, depth electrode)	F.zip	F029.txt	8c3e3de7356048ebadf3b149f2029a20a80b32d0abba5955d77ff24f0d9e10a7	4097	-277	637	0	0
ieeg/sub-pooled_task-interictal_acq-setD_run-030_ieeg.vhdr	D	F	30	interictal	within the epileptogenic zone (hippocampal formation, depth electrode)	F.zip	F030.txt	bfac51461423e5be543a69a09a8cb3eab9d2ae734e31186d10af8310195418e3	4097	-288	769	0	0
ieeg/sub-pooled_task-interictal_acq-setD_run-031_ieeg.vhdr	D	F	31	interictal	within the epileptogenic zone (hippocampal formation, depth electrode)	F.zip	F031.txt	2c8105edb2cf699fc64713188349353660e3e31de872ac986b0eead8ca040604	4097	-424	412	0	0
ieeg/sub-pooled_task-interictal_acq-setD_run-032_ieeg.vhdr	D	F	32	interictal	within the epileptogenic zone (hippocampal formation, depth electrode)	F.zip	F032.txt	f7434ab337c376f3d14ae313b734e3e3d6cfd9085a3ea239b5fd737ec724b49d	4097	-359	326	0	0
ieeg/sub-pooled_task-interictal_acq-setD_run-033_ieeg.vhdr	D	F	33	interictal	within the epileptogenic zone (hippocampal formation, depth electrode)	F.zip	F033.txt	8d0784d3a4b69fae67846a69d11be4dcf8d88d03472ee53e52510427f510447d	4097	-200	129	0	0
ieeg/sub-pooled_task-interictal_acq-setD_run-034_ieeg.vhdr	D	F	34	interictal	within the epileptogenic zone (hippocampal formation, depth electrode)	F.zip	F034.txt	3a6b2c28a66cd5809db6a7749547aaa24e9fdd356d21443f7922c0fe2b9d3dd3	4097	-96	80	0	0
ieeg/sub-pooled_task-interictal_acq-setD_run-035_ieeg.vhdr	D	F	35	interictal	within the epileptogenic zone (hippocampal formation, depth electrode)	F.zip	F035.txt	f775129c8702d6893ac27b55cceb1d6be0275c48e867a731a60a93c7052bc3b0	4097	-144	109	0	0
ieeg/sub-pooled_task-interictal_acq-setD_run-036_ieeg.vhdr	D	F	36	interictal	within the epileptogenic zone (hippocampal formation, depth electrode)	F.zip	F036.txt	f346d41745035410ee753149035c14b1bbf12a3ba4bb5b73c7fdda8b3d193133	4097	-167	104	0	0
ieeg/sub-pooled_task-interictal_acq-setD_run-037_ieeg.vhdr	D	F	37	interictal	within the epileptogenic zone (hippocampal formation, depth electrode)	F.zip	F037.txt	eed7ba711ccdd08346098c25572b4379398447e4d932753dadb5e1030ea63f71	4097	-156	201	0	0
ieeg/sub-pooled_task-interictal_acq-setD_run-038_ieeg.vhdr	D	F	38	interictal	within the epileptogenic zone (hippocampal formation, depth electrode)	F.zip	F038.txt	20c24bb79d1a58c7369cc9a18d4118693f23cb03ccd9390d4c436a0c4902f4c9	4097	-210	132	0	0
ieeg/sub-pooled_task-interictal_acq-setD_run-039_ieeg.vhdr	D	F	39	interictal	within the epileptogenic zone (hippocampal formation, depth electrode)	F.zip	F039.txt	9c1242a449b87a97922a5352aa5e0647c8442aea37d0daf36f5cb97b3eef44be	4097	-240	179	0	0
ieeg/sub-pooled_task-interictal_acq-setD_run-040_ieeg.vhdr	D	F	40	interictal	within the epileptogenic zone (hippocampal formation, depth electrode)	F.zip	F040.txt	3a2993cc06483871c91d03f5b2e5a90de1f75996be694059b641be657da59c58	4097	-97	103	0	0
ieeg/sub-pooled_task-interictal_acq-setD_run-041_ieeg.vhdr	D	F	41	interictal	within the epileptogenic zone (hippocampal formation, depth electrode)	F.zip	F041.txt	0700c61eb5d5f77eb180f91901d1b64fb28e939db5576ffa661926cbb93323e3	4097	-509	242	0	0
ieeg/sub-pooled_task-interictal_acq-setD_run-042_ieeg.vhdr	D	F	42	interictal	within the epileptogenic zone (hippocampal formation, depth electrode)	F.zip	F042.txt	051c197b9e7279f630d701c4c4303619d68b1f96ab1b2b6e6a3609cabddd8519	4097	-73	102	0	0
ieeg/sub-pooled_task-interictal_acq-setD_run-043_ieeg.vhdr	D	F	43	interictal	within the epileptogenic zone (hippocampal formation, depth electrode)	F.zip	F043.txt	6081f6369b4c2ccc2f6acab27592229edb0e0bb95cc867388007d913c46e37fe	4097	-211	248	0	0
ieeg/sub-pooled_task-interictal_acq-setD_run-044_ieeg.vhdr	D	F	44	interictal	within the epileptogenic zone (hippocampal formation, depth electrode)	F.zip	F044.txt	a99cca63a5e228f4c2c7c51370b710ae5003d5778e6dc197043c588595fbb41e	4097	-252	123	0	0
ieeg/sub-pooled_task-interictal_acq-setD_run-045_ieeg.vhdr	D	F	45	interictal	within the epileptogenic zone (hippocampal formation, depth electrode)	F.zip	F045.txt	60c48e176fc4b8ffa0ca2127d5a6754acabf60f05bb932c7f1c4c6922d6d150d	4097	-165	192	0	0
ieeg/sub-pooled_task-interictal_acq-setD_run-046_ieeg.vhdr	D	F	46	interictal	within the epileptogenic zone (hippocampal formation, depth electrode)	F.zip	F046.txt	894a3327521a9668e94c70feb17a3ac04e08f36451f4be9175c41da9cd2c179b	4097	-128	166	0	0
ieeg/sub-pooled_task-interictal_acq-setD_run-047_ieeg.vhdr	D	F	47	interictal	within the epileptogenic zone (hippocampal formation, depth electrode)	F.zip	F047.txt	2fc4e7583f5a2b80ac32004dda38a28f9fd1c384bafda715eb2ad5ccaf1e63ff	4097	-119	244	0	0
ieeg/sub-pooled_task-interictal_acq-setD_run-048_ieeg.vhdr	D	F	48	interictal	within the epileptogenic zone (hippocampal formation, depth electrode)	F.zip	F048.txt	f472b4667c64e3c66bd30a6a74623fa1bc267415c2c37b7a15b95f4f8349074d	4097	-202	204	0	0
ieeg/sub-pooled_task-interictal_acq-setD_run-049_ieeg.vhdr	D	F	49	interictal	within the epileptogenic zone (hippocampal formation, depth electrode)	F.zip	F049.txt	8faac1c39cb78734fbfb406e610013d39844650f0f3f3bcc3def305d294b701e	4097	-169	140	0	0
ieeg/sub-pooled_task-interictal_acq-setD_run-050_ieeg.vhdr	D	F	50	interictal	within the epileptogenic zone (hippocampal formation, depth electrode)	F.zip	F050.txt	12888fcb11cbd7a90eaf2f8264c5347a515afb7229db2ede0234ecb9fbe66254	4097	-305	198	0	0
ieeg/sub-pooled_task-interictal_acq-setD_run-051_ieeg.vhdr	D	F	51	interictal	within the epileptogenic zone (hippocampal formation, depth electrode)	F.zip	F051.txt	16cdb8edb3bfa6608ca87ec7d9cc2614d7555d2938d15adecc0aea1bd45b284b	4097	-246	219	0	0
ieeg/sub-pooled_task-interictal_acq-setD_run-052_ieeg.vhdr	D	F	52	interictal	within the epileptogenic zone (hippocampal formation, depth electrode)	F.zip	F052.txt	4a621e8b8a38f71b438b7d79e1ee10c7ce6cae8b24a03a6858f5a52f5f24b490	4097	-182	136	0	0
ieeg/sub-pooled_task-interictal_acq-setD_run-053_ieeg.vhdr	D	F	53	interictal	within the epileptogenic zone (hippocampal formation, depth electrode)	F.zip	F053.txt	4bdae97946146daf825c677058565276b0c69e27bf7162d415d5da7dfc2f6981	4097	-164	147	0	0
ieeg/sub-pooled_task-interictal_acq-setD_run-054_ieeg.vhdr	D	F	54	interictal	within the epileptogenic zone (hippocampal formation, depth electrode)	F.zip	F054.txt	9ecc30e80c74fd7550427ca042828e4b116b915cd6d90bfcdbab49a2ca88fea2	4097	-300	219	0	0
ieeg/sub-pooled_task-interictal_acq-setD_run-055_ieeg.vhdr	D	F	55	interictal	within the epileptogenic zone (hippocampal formation, depth electrode)	F.zip	F055.txt	a13892efb1f9bb57d19c6017bb0a3c3044e837e0dbbd1ca3b7de97bfe4a0adcd	4097	-254	186	0	0
ieeg/sub-pooled_task-interictal_acq-setD_run-056_ieeg.vhdr	D	F	56	interictal	within the epileptogenic zone (hippocampal formation, depth electrode)	F.zip	F056.txt	29479edf0700926c3598c333af8661fd9abde584c6c74688d798a9d2a6f78182	4097	-125	132	0	0
ieeg/sub-pooled_task-interictal_acq-setD_run-057_ieeg.vhdr	D	F	57	interictal	within the epileptogenic zone (hippocampal formation, depth electrode)	F.zip	F057.txt	d9f65a0ee23bbe061a3af40b31bd88adad2027184b031af11154b3995e29c0f5	4097	-163	193	0	0
ieeg/sub-pooled_task-interictal_acq-setD_run-058_ieeg.vhdr	D	F	58	interictal	within the epileptogenic zone (hippocampal formation, depth electrode)	F.zip	F058.txt	84aed3d7285fffc15f68aa5c3313124d91bfa1393b385e4775d7228fde7dd2f0	4097	-114	94	0	0
ieeg/sub-pooled_task-interictal_acq-setD_run-059_ieeg.vhdr	D	F	59	interictal	within the epileptogenic zone (hippocampal formation, depth electrode)	F.zip	F059.txt	9742b4e253da528abf54729a093bfdf72e744c56112e34f06cb6e348fd1a6ad5	4097	-167	151	0	0
ieeg/sub-pooled_task-interictal_acq-setD_run-060_ieeg.vhdr	D	F	60	interictal	within the epileptogenic zone (hippocampal formation, depth electrode)	F.zip	F060.txt	d76c56142f0a5d681e5d8974c4f4ad06cddb92678def88229e6447604ec3ce1e	4097	-1147	1048	0	0
ieeg/sub-pooled_task-interictal_acq-setD_run-061_ieeg.vhdr	D	F	61	interictal	within the epileptogenic zone (hippocampal formation, depth electrode)	F.zip	F061.txt	5dcbab1de23c3b8bd8d8f230aea426290723be6fff734e9c6f4c454ef2424229	4097	-425	355	0	0
ieeg/sub-pooled_task-interictal_acq-setD_run-062_ieeg.vhdr	D	F	62	interictal	within the epileptogenic zone (hippocampal formation, depth electrode)	F.zip	F062.txt	be8e7f470cf60b276792262a1b1efe1db6454f1897a7821c70ffda70928d6b3b	4097	-277	188	0	0
ieeg/sub-pooled_task-interictal_acq-setD_run-063_ieeg.vhdr	D	F	63	interictal	within the epileptogenic zone (hippocampal formation, depth electrode)	F.zip	F063.txt	0d842c40cd835698257fd5e06af9a585b702416d1de2037ebdbb4ca03a5d3236	4097	-125	193	0	0
ieeg/sub-pooled_task-interictal_acq-setD_run-064_ieeg.vhdr	D	F	64	interictal	within the epileptogenic zone (hippocampal formation, depth electrode)	F.zip	F064.txt	f3b3c18f2ebde9762b05680e6fb314bb33bd4b9256243e2508f9ebc8d541e049	4097	-471	209	0	0
ieeg/sub-pooled_task-interictal_acq-setD_run-065_ieeg.vhdr	D	F	65	interictal	within the epileptogenic zone (hippocampal formation, depth electrode)	F.zip	F065.txt	b3a0b1bd7b761656b3133b47ccd9375d9deb717a6487726cb250ca4821ddc0b2	4097	-227	198	0	0
ieeg/sub-pooled_task-interictal_acq-setD_run-066_ieeg.vhdr	D	F	66	interictal	within the epileptogenic zone (hippocampal formation, depth electrode)	F.zip	F066.txt	13373c77f6d87efcd0d765cda3186f0e953bbf8c50ae330a269d5d35eb09b187	4097	-265	99	0	0
ieeg/sub-pooled_task-interictal_acq-setD_run-067_ieeg.vhdr	D	F	67	interictal	within the epileptogenic zone (hippocampal formation, depth electrode)	F.zip	F067.txt	9f2fa7bc2dc2010df136537bffaa9aec806d9cc149f698503f85c5c2ef13afb5	4097	-195	170	0	0
ieeg/sub-pooled_task-interictal_acq-setD_run-068_ieeg.vhdr	D	F	68	interictal	within the epileptogenic zone (hippocampal formation, depth electrode)	F.zip	F068.txt	45265614a4dcd664c26a684b8455e4acd8f484a1a0842a3a08e7c168e54d720d	4097	-89	144	0	0
ieeg/sub-pooled_task-interictal_acq-setD_run-069_ieeg.vhdr	D	F	69	interictal	within the epileptogenic zone (hippocampal formation, depth electrode)	F.zip	F069.txt	5d7e55c38a8c7cac2180ac3ba27c8801fd60a82da52282bc8ce991f3c1c3a3c9	4097	-148	49	0	0
ieeg/sub-pooled_task-interictal_acq-setD_run-070_ieeg.vhdr	D	F	70	interictal	within the epileptogenic zone (hippocampal formation, depth electrode)	F.zip	F070.txt	d059b22b9a38f1fdf1b6676670aede52cea70991b213df4ea4986d3ffa6b93bc	4097	-242	727	0	0
ieeg/sub-pooled_task-interictal_acq-setD_run-071_ieeg.vhdr	D	F	71	interictal	within the epileptogenic zone (hippocampal formation, depth electrode)	F.zip	F071.txt	b44933fe5a4e4988dea4b73ea45f6661008d37ddd67b367aaba364f48cd16ebb	4097	-97	75	0	0
ieeg/sub-pooled_task-interictal_acq-setD_run-072_ieeg.vhdr	D	F	72	interictal	within the epileptogenic zone (hippocampal formation, depth electrode)	F.zip	F072.txt	a224057315505e7a2cfbc3feeab3ec11aa45db816eb7ae226a1ea17178fa8994	4097	-102	288	0	0
ieeg/sub-pooled_task-interictal_acq-setD_run-073_ieeg.vhdr	D	F	73	interictal	within the epileptogenic zone (hippocampal formation, depth electrode)	F.zip	F073.txt	372229750447b762615d7e2f2cabe43924e068c23c54732c17d958afd0e239ce	4097	-676	540	0	0
ieeg/sub-pooled_task-interictal_acq-setD_run-074_ieeg.vhdr	D	F	74	interictal	within the epileptogenic zone (hippocampal formation, depth electrode)	F.zip	F074.txt	9f5af383b33af874639d540d525b243f2faaff97bebc236831a0010910dacbcf	4097	-248	236	0	0
ieeg/sub-pooled_task-interictal_acq-setD_run-075_ieeg.vhdr	D	F	75	interictal	within the epileptogenic zone (hippocampal formation, depth electrode)	F.zip	F075.txt	ea8ad31fa7148c5599ffac824b8d7e1b002744bf4eb97f54081b8525d7665049	4097	-46	94	0	0
ieeg/sub-pooled_task-interictal_acq-setD_run-076_ieeg.vhdr	D	F	76	interictal	within the epileptogenic zone (hippocampal formation, depth electrode)	F.zip	F076.txt	5562d3bfa5037120f973d1793d5e7b7580c394358cf7951eff5eb0b81de4ea9f	4097	-356	1116	0	0
ieeg/sub-pooled_task-interictal_acq-setD_run-077_ieeg.vhdr	D	F	77	interictal	within the epileptogenic zone (hippocampal formation, depth electrode)	F.zip	F077.txt	77b9b1ee2041bd644d8f85c7cd7df817a47bbe26a1df58ecc29881623f16fc61	4097	-230	153	0	0
ieeg/sub-pooled_task-interictal_acq-setD_run-078_ieeg.vhdr	D	F	78	interictal	within the epileptogenic zone (hippocampal formation, depth electrode)	F.zip	F078.txt	103b8571f21125bdc4cdd6448c384a0d009538826ec428bf8d8dcd16c58f0e2a	4097	-168	160	0	0
ieeg/sub-pooled_task-interictal_acq-setD_run-079_ieeg.vhdr	D	F	79	interictal	within the epileptogenic zone (hippocampal formation, depth electrode)	F.zip	F079.txt	d500971965246984f91a4936111c9f67f03ef40e030f0e250e6faed05cc722dc	4097	-229	157	0	0
ieeg/sub-pooled_task-interictal_acq-setD_run-080_ieeg.vhdr	D	F	80	interictal	within the epileptogenic zone (hippocampal formation, depth electrode)	F.zip	F080.txt	8af29afad655586964b31ba72e37331666018dc9a3b846e9f7b8465efd43783c	4097	-187	157	0	0
ieeg/sub-pooled_task-interictal_acq-setD_run-081_ieeg.vhdr	D	F	81	interictal	within the epileptogenic zone (hippocampal formation, depth electrode)	F.zip	F081.txt	fa7acef2daede3b831fa984e1911b01c4f3efc4e4f584253d9e38f44bd92df6b	4097	-61	106	0	0
ieeg/sub-pooled_task-interictal_acq-setD_run-082_ieeg.vhdr	D	F	82	interictal	within the epileptogenic zone (hippocampal formation, depth electrode)	F.zip	F082.txt	af405dc93f526f62b69cf1effdaa86d6096f428b27a8421d859aa4161f762fdf	4097	-249	174	0	0
ieeg/sub-pooled_task-interictal_acq-setD_run-083_ieeg.vhdr	D	F	83	interictal	within the epileptogenic zone (hippocampal formation, depth electrode)	F.zip	F083.txt	e6075478f0f2617bd0a4b0ed416219c81ce754a4ce4c3cc0747548e4f1deb8d3	4097	-119	31	0	0
ieeg/sub-pooled_task-interictal_acq-setD_run-084_ieeg.vhdr	D	F	84	interictal	within the epileptogenic zone (hippocampal formation, depth electrode)	F.zip	F084.txt	64d18bcd96c241e0455ffd2a6cb145792c5563057e14526083c71a4f1de9b94c	4097	-147	151	0	0
ieeg/sub-pooled_task-interictal_acq-setD_run-085_ieeg.vhdr	D	F	85	interictal	within the epileptogenic zone (hippocampal formation, depth electrode)	F.zip	F085.txt	b512a85ae6b1e1188fda51f6da8a50dc881e07fa018496ddd694bab201e99691	4097	-118	25	0	0
ieeg/sub-pooled_task-interictal_acq-setD_run-086_ieeg.vhdr	D	F	86	interictal	within the epileptogenic zone (hippocampal formation, depth electrode)	F.zip	F086.txt	372af0ed3e026a49fc97794dad3c04bf9cd9d3347d46c2ad611999ceca4f61f6	4097	-453	583	0	0
ieeg/sub-pooled_task-interictal_acq-setD_run-087_ieeg.vhdr	D	F	87	interictal	within the epileptogenic zone (hippocampal formation, depth electrode)	F.zip	F087.txt	6aac795e449808a3e6ae12e181d28dc7857d5ec340460d78d1ba9a92abf84d18	4097	-70	92	0	0
ieeg/sub-pooled_task-interictal_acq-setD_run-088_ieeg.vhdr	D	F	88	interictal	within the epileptogenic zone (hippocampal formation, depth electrode)	F.zip	F088.txt	d55a0b225f543c713fef11e9540fc2a0da4d3c4f6add61321f5ecf662eb6994f	4097	-63	63	0	0
ieeg/sub-pooled_task-interictal_acq-setD_run-089_ieeg.vhdr	D	F	89	interictal	within the epileptogenic zone (hippocampal formation, depth electrode)	F.zip	F089.txt	89dd04aaa567b2a38e6f595308be482077205c63e7c7346380a42131733975f1	4097	-176	308	0	0
ieeg/sub-pooled_task-interictal_acq-setD_run-090_ieeg.vhdr	D	F	90	interictal	within the epileptogenic zone (hippocampal formation, depth electrode)	F.zip	F090.txt	906f1758e7e91a295287b2ca76677955c253200d703f6b5891d21e2641dda90f	4097	-259	271	0	0
ieeg/sub-pooled_task-interictal_acq-setD_run-091_ieeg.vhdr	D	F	91	interictal	within the epileptogenic zone (hippocampal formation, depth electrode)	F.zip	F091.txt	6fce7988598d70d0e7bbd761263f8bec233fbcea694a95baff0afcb99bfd8b3c	4097	-291	259	0	0
ieeg/sub-pooled_task-interictal_acq-setD_run-092_ieeg.vhdr	D	F	92	interictal	within the epileptogenic zone (hippocampal formation, depth electrode)	F.zip	F092.txt	174d6470e914e59104123654649083eea07f2ecbfd81734b9d4ae88e574e41b0	4097	-428	156	0	0
ieeg/sub-pooled_task-interictal_acq-setD_run-093_ieeg.vhdr	D	F	93	interictal	within the epileptogenic zone (hippocampal formation, depth electrode)	F.zip	F093.txt	4d935d0dd2c06092221b5560bc5f94db805e95d186d3d9689950f6863e4d5efc	4097	-106	104	0	0
ieeg/sub-pooled_task-interictal_acq-setD_run-094_ieeg.vhdr	D	F	94	interictal	within the epileptogenic zone (hippocampal formation, depth electrode)	F.zip	F094.txt	853f971bef3a5a76d74a7272cbc6130264f0be7772cc4ac81232e5ea9ec39ea6	4097	-209	125	0	0
ieeg/sub-pooled_task-interictal_acq-setD_run-095_ieeg.vhdr	D	F	95	interictal	within the epileptogenic zone (hippocampal formation, depth electrode)	F.zip	F095.txt	cd17d9d04f9cf6c827a352c25869f078e95d7a1e37eb1b48261bc9b54ab4d1e5	4097	-227	240	0	0
ieeg/sub-pooled_task-interictal_acq-setD_run-096_ieeg.vhdr	D	F	96	interictal	within the epileptogenic zone (hippocampal formation, depth electrode)	F.zip	F096.txt	ba1d2fe7f6a017ef4c9f3e83e5a57b7cedca6ff7c13e2d8f96a04ed54b065602	4097	-202	263	0	0
ieeg/sub-pooled_task-interictal_acq-setD_run-097_ieeg.vhdr	D	F	97	interictal	within the epileptogenic zone (hippocampal formation, depth electrode)	F.zip	F097.txt	c49bc265f66fd3886863fc478a5f8d9064eb25d38f7fda840fe7e3557b93fa4a	4097	-183	291	0	0
ieeg/sub-pooled_task-interictal_acq-setD_run-098_ieeg.vhdr	D	F	98	interictal	within the epileptogenic zone (hippocampal formation, depth electrode)	F.zip	F098.txt	6dca464c2881474ce6f7f9d6dcd2a630b2b4f15359522451c4c65c253e4d228f	4097	-597	206	0	0
ieeg/sub-pooled_task-interictal_acq-setD_run-099_ieeg.vhdr	D	F	99	interictal	within the epileptogenic zone (hippocampal formation, depth electrode)	F.zip	F099.txt	0756dab66f2baa61f259f4175763866e0042d8384e38566cbd07fa9a62c45f65	4097	-104	70	0	0
ieeg/sub-pooled_task-interictal_acq-setD_run-100_ieeg.vhdr	D	F	100	interictal	within the epileptogenic zone (hippocampal formation, depth electrode)	F.zip	F100.txt	493d8e7590baa7433b4b3b85cfd70447505abfb17be68106ce519adc7b78f452	4097	-157	45	0	0
ieeg/sub-pooled_task-ictal_acq-setE_run-001_ieeg.vhdr	E	S	1	ictal	recording sites exhibiting ictal activity (depth or strip electrode; not recorded)	S.zip	S001.txt	0939092fb3009f8bb2b25de5a472a3c34e48cd5dc9776ef5b568ac693daeb777	4097	-1765	1027	0	0
ieeg/sub-pooled_task-ictal_acq-setE_run-002_ieeg.vhdr	E	S	2	ictal	recording sites exhibiting ictal activity (depth or strip electrode; not recorded)	S.zip	S002.txt	1f0b1d0af37f9e9bd0f222e7eaeee1e30e991f683d6b63d7bc45c71c18d00e96	4097	-1816	1364	0	0
ieeg/sub-pooled_task-ictal_acq-setE_run-003_ieeg.vhdr	E	S	3	ictal	recording sites exhibiting ictal activity (depth or strip electrode; not recorded)	S.zip	S003.txt	548e873fd8f6f2f7b8bd10b27874df4ad6d846200a5ca8ddde1ee9735be6327f	4097	-1283	1435	0	0
ieeg/sub-pooled_task-ictal_acq-setE_run-004_ieeg.vhdr	E	S	4	ictal	recording sites exhibiting ictal activity (depth or strip electrode; not recorded)	S.zip	S004.txt	a58a651153f0121920f0a5475d2a1b74767b0aecd4818cbe2094eceb691e888e	4097	-399	467	0	0
ieeg/sub-pooled_task-ictal_acq-setE_run-005_ieeg.vhdr	E	S	5	ictal	recording sites exhibiting ictal activity (depth or strip electrode; not recorded)	S.zip	S005.txt	4df63da8edd66363b40471131e7d97631993b729162f0bbbc68a64388051e431	4097	-1026	727	0	0
ieeg/sub-pooled_task-ictal_acq-setE_run-006_ieeg.vhdr	E	S	6	ictal	recording sites exhibiting ictal activity (depth or strip electrode; not recorded)	S.zip	S006.txt	e4e34380bfa6deb1a79ac03769cef6227847def1bc10977ae6ff640677ae7a40	4097	-451	352	0	0
ieeg/sub-pooled_task-ictal_acq-setE_run-007_ieeg.vhdr	E	S	7	ictal	recording sites exhibiting ictal activity (depth or strip electrode; not recorded)	S.zip	S007.txt	ac712f1f10d3a8103e27f5ac96a2a9780ddf6139760f8aa36de2f0a3e3724910	4097	-1430	1129	0	0
ieeg/sub-pooled_task-ictal_acq-setE_run-008_ieeg.vhdr	E	S	8	ictal	recording sites exhibiting ictal activity (depth or strip electrode; not recorded)	S.zip	S008.txt	8de5f9b199ee04799fb92d81566e2044d665db40d18ee44a9dc9e21662200833	4097	-885	820	0	0
ieeg/sub-pooled_task-ictal_acq-setE_run-009_ieeg.vhdr	E	S	9	ictal	recording sites exhibiting ictal activity (depth or strip electrode; not recorded)	S.zip	S009.txt	7d101001a19ac1c0b86fe9ec5d6a6414e77b2123447fc50a5bd2348dc5217e05	4097	-800	1219	0	0
ieeg/sub-pooled_task-ictal_acq-setE_run-010_ieeg.vhdr	E	S	10	ictal	recording sites exhibiting ictal activity (depth or strip electrode; not recorded)	S.zip	S010.txt	b85711daeedacc91748ae837e693b1d26d0ad647241f7aae499bbbbd351e2a33	4097	-1885	1565	0	0
ieeg/sub-pooled_task-ictal_acq-setE_run-011_ieeg.vhdr	E	S	11	ictal	recording sites exhibiting ictal activity (depth or strip electrode; not recorded)	S.zip	S011.txt	ddb2e621fbfef77f3d64d8fe477a39ae0f18acc7cf93708c86bef09d00601dfa	4097	-895	1793	0	0
ieeg/sub-pooled_task-ictal_acq-setE_run-012_ieeg.vhdr	E	S	12	ictal	recording sites exhibiting ictal activity (depth or strip electrode; not recorded)	S.zip	S012.txt	cf3eebba4103a4906a8b02ed0fcd0d16630169e8ef95ad7fde5784dca4d45891	4097	-912	1381	0	0
ieeg/sub-pooled_task-ictal_acq-setE_run-013_ieeg.vhdr	E	S	13	ictal	recording sites exhibiting ictal activity (depth or strip electrode; not recorded)	S.zip	S013.txt	466231434d2d3053fbeaa512c2983f8177c054f4fdce5e30951526d3d3910ffe	4097	-1523	1405	0	0
ieeg/sub-pooled_task-ictal_acq-setE_run-014_ieeg.vhdr	E	S	14	ictal	recording sites exhibiting ictal activity (depth or strip electrode; not recorded)	S.zip	S014.txt	9f99ea89c9c1743c30dffc2df65ef3d13a7f8a059abeb81fb1286b50cc4bc35f	4097	-696	351	0	0
ieeg/sub-pooled_task-ictal_acq-setE_run-015_ieeg.vhdr	E	S	15	ictal	recording sites exhibiting ictal activity (depth or strip electrode; not recorded)	S.zip	S015.txt	5ce209129c4182f094e61094090c28709f06b7644125a928ccba1190cd8ef688	4097	-590	591	0	0
ieeg/sub-pooled_task-ictal_acq-setE_run-016_ieeg.vhdr	E	S	16	ictal	recording sites exhibiting ictal activity (depth or strip electrode; not recorded)	S.zip	S016.txt	f4eddfe14987b2436c7b1ef9ccfb5dec78ad80647afe8926424a279320f74e68	4097	-248	462	0	0
ieeg/sub-pooled_task-ictal_acq-setE_run-017_ieeg.vhdr	E	S	17	ictal	recording sites exhibiting ictal activity (depth or strip electrode; not recorded)	S.zip	S017.txt	9f95d3b5e3714f5ee7e2eb88d37196c49d75cdd64f28ab22f3916b21433d9da2	4097	-1853	1308	0	0
ieeg/sub-pooled_task-ictal_acq-setE_run-018_ieeg.vhdr	E	S	18	ictal	recording sites exhibiting ictal activity (depth or strip electrode; not recorded)	S.zip	S018.txt	3799e34c43828eb18c266f5ec6ae7f53a53e2f481b5ab4aa77d9a3773a01a453	4097	-385	640	0	0
ieeg/sub-pooled_task-ictal_acq-setE_run-019_ieeg.vhdr	E	S	19	ictal	recording sites exhibiting ictal activity (depth or strip electrode; not recorded)	S.zip	S019.txt	edf4f7b975b9a69c02d6f123fb1914b889f05d090930632f20dc6610f131691f	4097	-1227	1445	0	0
ieeg/sub-pooled_task-ictal_acq-setE_run-020_ieeg.vhdr	E	S	20	ictal	recording sites exhibiting ictal activity (depth or strip electrode; not recorded)	S.zip	S020.txt	98713c8c29122d9151a0eff7a57af250964dca33104b67d9b9524e1dc0304e8c	4097	-429	555	0	0
ieeg/sub-pooled_task-ictal_acq-setE_run-021_ieeg.vhdr	E	S	21	ictal	recording sites exhibiting ictal activity (depth or strip electrode; not recorded)	S.zip	S021.txt	b4efce3d7c82409a307ed95cb5746e5f859398e416c3d78ea296bdd1b4776abc	4097	-254	430	0	0
ieeg/sub-pooled_task-ictal_acq-setE_run-022_ieeg.vhdr	E	S	22	ictal	recording sites exhibiting ictal activity (depth or strip electrode; not recorded)	S.zip	S022.txt	6bd8fc5dc3033ab46fb56d22e6bfc1ff20d3a3b591811c73146c8da00d71c3a1	4097	-773	607	0	0
ieeg/sub-pooled_task-ictal_acq-setE_run-023_ieeg.vhdr	E	S	23	ictal	recording sites exhibiting ictal activity (depth or strip electrode; not recorded)	S.zip	S023.txt	24f087b5e675c8cf8b04370ef06f1118efcd1efe4126221cb2061f389742f3a8	4097	-840	639	0	0
ieeg/sub-pooled_task-ictal_acq-setE_run-024_ieeg.vhdr	E	S	24	ictal	recording sites exhibiting ictal activity (depth or strip electrode; not recorded)	S.zip	S024.txt	1407f312052bd4c675fcbee2d15c526002994cccab7efdb9b09f4ae3b152172a	4097	-951	1018	0	0
ieeg/sub-pooled_task-ictal_acq-setE_run-025_ieeg.vhdr	E	S	25	ictal	recording sites exhibiting ictal activity (depth or strip electrode; not recorded)	S.zip	S025.txt	17e332d7e20e0b11867f7894b75b51516a3af8c779b8f1dec9b8a5508292e3d1	4097	-1453	642	0	0
ieeg/sub-pooled_task-ictal_acq-setE_run-026_ieeg.vhdr	E	S	26	ictal	recording sites exhibiting ictal activity (depth or strip electrode; not recorded)	S.zip	S026.txt	687c1ab55125533d5b5f20fffccb5849e9dfcbca7d817900ede9d21c95d792a7	4097	-572	613	0	0
ieeg/sub-pooled_task-ictal_acq-setE_run-027_ieeg.vhdr	E	S	27	ictal	recording sites exhibiting ictal activity (depth or strip electrode; not recorded)	S.zip	S027.txt	409156167483a621097e8450a9c2308fc1665292e9b57654b3b2d5836b5f81aa	4097	-1868	1420	0	0
ieeg/sub-pooled_task-ictal_acq-setE_run-028_ieeg.vhdr	E	S	28	ictal	recording sites exhibiting ictal activity (depth or strip electrode; not recorded)	S.zip	S028.txt	f52a913846146f85de3874a68ddd24cac4f7c680236798413bec57ed23a63286	4097	-1032	1629	0	0
ieeg/sub-pooled_task-ictal_acq-setE_run-029_ieeg.vhdr	E	S	29	ictal	recording sites exhibiting ictal activity (depth or strip electrode; not recorded)	S.zip	S029.txt	c456aaa83c7d30829ac57aa42c7979c954d6ae366c0e2b848a468016af23b0c1	4097	-750	741	0	0
ieeg/sub-pooled_task-ictal_acq-setE_run-030_ieeg.vhdr	E	S	30	ictal	recording sites exhibiting ictal activity (depth or strip electrode; not recorded)	S.zip	S030.txt	5f0eb9416dfa0789d2ca4de698b8ece8127f6450a9835b6b6992f023b62a96d0	4097	-1542	1460	0	0
ieeg/sub-pooled_task-ictal_acq-setE_run-031_ieeg.vhdr	E	S	31	ictal	recording sites exhibiting ictal activity (depth or strip electrode; not recorded)	S.zip	S031.txt	f0eca978c0ed13232b18fdf359640c8a47f053cc4f880aedb7920dcbdca589eb	4097	-525	584	0	0
ieeg/sub-pooled_task-ictal_acq-setE_run-032_ieeg.vhdr	E	S	32	ictal	recording sites exhibiting ictal activity (depth or strip electrode; not recorded)	S.zip	S032.txt	7ea967c67a129dc91044813f2ac6e7eae21ab430d36c4d0b783d3dc9570f0ba9	4097	-273	398	0	0
ieeg/sub-pooled_task-ictal_acq-setE_run-033_ieeg.vhdr	E	S	33	ictal	recording sites exhibiting ictal activity (depth or strip electrode; not recorded)	S.zip	S033.txt	7e872ba7b7e3f4ded43b1114193ef53aaa42b8905178b51b24790e62e9bd9139	4097	-1135	570	0	0
ieeg/sub-pooled_task-ictal_acq-setE_run-034_ieeg.vhdr	E	S	34	ictal	recording sites exhibiting ictal activity (depth or strip electrode; not recorded)	S.zip	S034.txt	ce69bb3686b524e9dacfef67107a93a97864f03defb1bc232e72c61620d1f670	4097	-854	1624	0	0
ieeg/sub-pooled_task-ictal_acq-setE_run-035_ieeg.vhdr	E	S	35	ictal	recording sites exhibiting ictal activity (depth or strip electrode; not recorded)	S.zip	S035.txt	3a11f81aea994e59f5cd2cc5f9274dfea8ea17046a7b67b6e730fbeab7d1a916	4097	-1664	1408	0	0
ieeg/sub-pooled_task-ictal_acq-setE_run-036_ieeg.vhdr	E	S	36	ictal	recording sites exhibiting ictal activity (depth or strip electrode; not recorded)	S.zip	S036.txt	ec88d2b7ead3d1ca22d15aeefeba62a766c84eb0b5f649c06cd26713265f2666	4097	-494	632	0	0
ieeg/sub-pooled_task-ictal_acq-setE_run-037_ieeg.vhdr	E	S	37	ictal	recording sites exhibiting ictal activity (depth or strip electrode; not recorded)	S.zip	S037.txt	f2e5c289b702cedca0ab7f25e87bfd8294a3c4ef2c5fb4d180da359232870b82	4097	-1872	1346	0	0
ieeg/sub-pooled_task-ictal_acq-setE_run-038_ieeg.vhdr	E	S	38	ictal	recording sites exhibiting ictal activity (depth or strip electrode; not recorded)	S.zip	S038.txt	9de806d03700c095f40d3b5ddc76fc63a5d2933cc02aedbc12e7f59f55fa08a6	4097	-527	776	0	0
ieeg/sub-pooled_task-ictal_acq-setE_run-039_ieeg.vhdr	E	S	39	ictal	recording sites exhibiting ictal activity (depth or strip electrode; not recorded)	S.zip	S039.txt	559285a14bc52d20d5b34bebd2daee7d68476c5812df3ef6e61d09035bb08bb6	4097	-239	253	0	0
ieeg/sub-pooled_task-ictal_acq-setE_run-040_ieeg.vhdr	E	S	40	ictal	recording sites exhibiting ictal activity (depth or strip electrode; not recorded)	S.zip	S040.txt	5aea4e69d345194a0a88b055bce56226dd8427ccb1a05a7f2d5e64f8bd02d0f5	4097	-516	584	0	0
ieeg/sub-pooled_task-ictal_acq-setE_run-041_ieeg.vhdr	E	S	41	ictal	recording sites exhibiting ictal activity (depth or strip electrode; not recorded)	S.zip	S041.txt	75a590fd08ab23ebdf51358d9eeb71d235303ed0c594f2e8a2602f995744ed12	4097	-1529	1158	0	0
ieeg/sub-pooled_task-ictal_acq-setE_run-042_ieeg.vhdr	E	S	42	ictal	recording sites exhibiting ictal activity (depth or strip electrode; not recorded)	S.zip	S042.txt	bd21ac8fcdc31e52e7bd92403fea0f76040e908121fdfa56da9d43866506473e	4097	-843	683	0	0
ieeg/sub-pooled_task-ictal_acq-setE_run-043_ieeg.vhdr	E	S	43	ictal	recording sites exhibiting ictal activity (depth or strip electrode; not recorded)	S.zip	S043.txt	55441205a61192ba7e721fc0c49f01660ccefc0d2b8ae10f412053d3ef4e1ed5	4097	-389	362	0	0
ieeg/sub-pooled_task-ictal_acq-setE_run-044_ieeg.vhdr	E	S	44	ictal	recording sites exhibiting ictal activity (depth or strip electrode; not recorded)	S.zip	S044.txt	828a30edf65efed3511e8022a3b2ee1ee6b070a60ddb3c4dc9eb9e0d13f34b7a	4097	-890	1367	0	0
ieeg/sub-pooled_task-ictal_acq-setE_run-045_ieeg.vhdr	E	S	45	ictal	recording sites exhibiting ictal activity (depth or strip electrode; not recorded)	S.zip	S045.txt	d241e21430f9f80b3de50decbf5590ddfe0be69142c7156ae3d947dd43ff3446	4097	-519	730	0	0
ieeg/sub-pooled_task-ictal_acq-setE_run-046_ieeg.vhdr	E	S	46	ictal	recording sites exhibiting ictal activity (depth or strip electrode; not recorded)	S.zip	S046.txt	58f74f7b55c19d9b31a37d1028f84db9bb49cccf2063c6081c265a6ff2e360d9	4097	-849	919	0	0
ieeg/sub-pooled_task-ictal_acq-setE_run-047_ieeg.vhdr	E	S	47	ictal	recording sites exhibiting ictal activity (depth or strip electrode; not recorded)	S.zip	S047.txt	57762fe8184db4399075041b0ed6e6cc38ed83948a201c7f74b9ffc775ecd548	4097	-1872	1469	0	0
ieeg/sub-pooled_task-ictal_acq-setE_run-048_ieeg.vhdr	E	S	48	ictal	recording sites exhibiting ictal activity (depth or strip electrode; not recorded)	S.zip	S048.txt	2beaefc7f58f96367cb2a148d542b085ea6328d5ebc564cc1cd11f7a33563e21	4097	-580	860	0	0
ieeg/sub-pooled_task-ictal_acq-setE_run-049_ieeg.vhdr	E	S	49	ictal	recording sites exhibiting ictal activity (depth or strip electrode; not recorded)	S.zip	S049.txt	6894bc4ba6bcbb4f7f1f69655e775b75d59748807605a3c312fd248b5c1f9ef3	4097	-1863	1482	0	0
ieeg/sub-pooled_task-ictal_acq-setE_run-050_ieeg.vhdr	E	S	50	ictal	recording sites exhibiting ictal activity (depth or strip electrode; not recorded)	S.zip	S050.txt	cc9ff58c9cac05f6bf6ccf85074b4d734d7206c7f12446c79542e9fea8d5815d	4097	-645	769	0	0
ieeg/sub-pooled_task-ictal_acq-setE_run-051_ieeg.vhdr	E	S	51	ictal	recording sites exhibiting ictal activity (depth or strip electrode; not recorded)	S.zip	S051.txt	99dd4138fe3ebf1f89150b0c7e57dd8bedf6ada2fd61ea935eb19af899b01704	4097	-724	314	0	0
ieeg/sub-pooled_task-ictal_acq-setE_run-052_ieeg.vhdr	E	S	52	ictal	recording sites exhibiting ictal activity (depth or strip electrode; not recorded)	S.zip	S052.txt	e457da581e36eed6e65b0bf82f2d33a421ec84e4e8be854869b114878fa4f18f	4097	-1061	1088	0	0
ieeg/sub-pooled_task-ictal_acq-setE_run-053_ieeg.vhdr	E	S	53	ictal	recording sites exhibiting ictal activity (depth or strip electrode; not recorded)	S.zip	S053.txt	5ff4e2758ddb74a78b04e47df03c2057e44d0d04aab510a90c1ee4a882682f42	4097	-1066	980	0	0
ieeg/sub-pooled_task-ictal_acq-setE_run-054_ieeg.vhdr	E	S	54	ictal	recording sites exhibiting ictal activity (depth or strip electrode; not recorded)	S.zip	S054.txt	fb78dfa0d54487b26defa4a9dc144376efce8960306e28c98b0b35baab3d4b53	4097	-609	622	0	0
ieeg/sub-pooled_task-ictal_acq-setE_run-055_ieeg.vhdr	E	S	55	ictal	recording sites exhibiting ictal activity (depth or strip electrode; not recorded)	S.zip	S055.txt	2d8fb3d8a666a12415d7989d7a51388ed2f5a4fc2e8bc4aa55696f2768466109	4097	-461	439	0	0
ieeg/sub-pooled_task-ictal_acq-setE_run-056_ieeg.vhdr	E	S	56	ictal	recording sites exhibiting ictal activity (depth or strip electrode; not recorded)	S.zip	S056.txt	d019b6ee3a151cfcdc6929c3913123af84fe5b18f2fb4dc72eb816c63d082b10	4097	-298	873	0	0
ieeg/sub-pooled_task-ictal_acq-setE_run-057_ieeg.vhdr	E	S	57	ictal	recording sites exhibiting ictal activity (depth or strip electrode; not recorded)	S.zip	S057.txt	3fa62f260d15b29e6e420c356245734af09fa655c4741da47deb104abda7bff2	4097	-733	506	0	0
ieeg/sub-pooled_task-ictal_acq-setE_run-058_ieeg.vhdr	E	S	58	ictal	recording sites exhibiting ictal activity (depth or strip electrode; not recorded)	S.zip	S058.txt	463cd58551b6fc5b3c956b7f1f710b711f95939c23a7db77a9e900ebb71db743	4097	-717	1236	0	0
ieeg/sub-pooled_task-ictal_acq-setE_run-059_ieeg.vhdr	E	S	59	ictal	recording sites exhibiting ictal activity (depth or strip electrode; not recorded)	S.zip	S059.txt	50ac6417620e82ecfb677f9649b030084c4c6b84682224ea8de9301695a42158	4097	-1649	2047	2	0
ieeg/sub-pooled_task-ictal_acq-setE_run-060_ieeg.vhdr	E	S	60	ictal	recording sites exhibiting ictal activity (depth or strip electrode; not recorded)	S.zip	S060.txt	a4ee2c9a93ba1f1b8602fd2b8bbd2061a784e8f7e2ea733c55b51ef14c08c9bb	4097	-1869	950	0	0
ieeg/sub-pooled_task-ictal_acq-setE_run-061_ieeg.vhdr	E	S	61	ictal	recording sites exhibiting ictal activity (depth or strip electrode; not recorded)	S.zip	S061.txt	4dded28d3ce404a32948e9474f1c1d1872a424c69b022b87c573c03701a7b9c8	4097	-658	721	0	0
ieeg/sub-pooled_task-ictal_acq-setE_run-062_ieeg.vhdr	E	S	62	ictal	recording sites exhibiting ictal activity (depth or strip electrode; not recorded)	S.zip	S062.txt	5ca8c7ee311abc264d551cebf83e35463730e5cc24c4cdefadff896b6cfb1842	4097	-1057	967	0	0
ieeg/sub-pooled_task-ictal_acq-setE_run-063_ieeg.vhdr	E	S	63	ictal	recording sites exhibiting ictal activity (depth or strip electrode; not recorded)	S.zip	S063.txt	287b25ac2de001157065371df824402885544beac9b5e307ada0baf2509b06ac	4097	-423	524	0	0
ieeg/sub-pooled_task-ictal_acq-setE_run-064_ieeg.vhdr	E	S	64	ictal	recording sites exhibiting ictal activity (depth or strip electrode; not recorded)	S.zip	S064.txt	18a3668883de2fce4623a6a21f0185909661dd156f0453a5b706ebe8b8c9cc6c	4097	-579	370	0	0
ieeg/sub-pooled_task-ictal_acq-setE_run-065_ieeg.vhdr	E	S	65	ictal	recording sites exhibiting ictal activity (depth or strip electrode; not recorded)	S.zip	S065.txt	f5569ecb03ee77780444b1b10093c02766483adb1f78a167a55d156f39373a17	4097	-738	2047	18	0
ieeg/sub-pooled_task-ictal_acq-setE_run-066_ieeg.vhdr	E	S	66	ictal	recording sites exhibiting ictal activity (depth or strip electrode; not recorded)	S.zip	S066.txt	93e7e708292df3a9cb568ed433762a3d8276ef6dedeb3f31efded111db5f34e0	4097	-906	734	0	0
ieeg/sub-pooled_task-ictal_acq-setE_run-067_ieeg.vhdr	E	S	67	ictal	recording sites exhibiting ictal activity (depth or strip electrode; not recorded)	S.zip	S067.txt	9a9562d72afad4bb355270004134d9cda6172a6b908aab4d8ebf0a30f7643f9f	4097	-1829	1068	0	0
ieeg/sub-pooled_task-ictal_acq-setE_run-068_ieeg.vhdr	E	S	68	ictal	recording sites exhibiting ictal activity (depth or strip electrode; not recorded)	S.zip	S068.txt	6ffec117e79dd8c7b5ff3751761355c7a166e4bd197323c59857833231708d11	4097	-1867	1556	0	0
ieeg/sub-pooled_task-ictal_acq-setE_run-069_ieeg.vhdr	E	S	69	ictal	recording sites exhibiting ictal activity (depth or strip electrode; not recorded)	S.zip	S069.txt	be8e417c1c0e0597812481d37a9af4c3473894fa7c794bb1fac4b937e5eb5889	4097	-899	1023	0	0
ieeg/sub-pooled_task-ictal_acq-setE_run-070_ieeg.vhdr	E	S	70	ictal	recording sites exhibiting ictal activity (depth or strip electrode; not recorded)	S.zip	S070.txt	a5bbdcb69d94fa45d92f9d76f0be08a5e59be40214b5e4a321868c3b99195428	4097	-531	524	0	0
ieeg/sub-pooled_task-ictal_acq-setE_run-071_ieeg.vhdr	E	S	71	ictal	recording sites exhibiting ictal activity (depth or strip electrode; not recorded)	S.zip	S071.txt	3f3119c607201bd00ad8ff3149c9cd4e0e270c59a37320eb3b5aed4c642050a5	4097	-395	586	0	0
ieeg/sub-pooled_task-ictal_acq-setE_run-072_ieeg.vhdr	E	S	72	ictal	recording sites exhibiting ictal activity (depth or strip electrode; not recorded)	S.zip	S072.txt	8d4762dc13ba3078fb525750dc8edd3a627cec6e8cf49c3d156a7ede56e0692a	4097	-609	683	0	0
ieeg/sub-pooled_task-ictal_acq-setE_run-073_ieeg.vhdr	E	S	73	ictal	recording sites exhibiting ictal activity (depth or strip electrode; not recorded)	S.zip	S073.txt	ec3c12be2728e506632836c8d3328c9c42b831fba9b3537865d0fa95721e7f92	4097	-837	1349	0	0
ieeg/sub-pooled_task-ictal_acq-setE_run-074_ieeg.vhdr	E	S	74	ictal	recording sites exhibiting ictal activity (depth or strip electrode; not recorded)	S.zip	S074.txt	07de09811fd6498fdf2a905c077e991d5ef6edf96569000b92dbc678a3468d46	4097	-384	287	0	0
ieeg/sub-pooled_task-ictal_acq-setE_run-075_ieeg.vhdr	E	S	75	ictal	recording sites exhibiting ictal activity (depth or strip electrode; not recorded)	S.zip	S075.txt	52db25e4f97a378762e88f52b7c5ef010c20e8531e1d0d604e7ddc571095d12d	4097	-583	486	0	0
ieeg/sub-pooled_task-ictal_acq-setE_run-076_ieeg.vhdr	E	S	76	ictal	recording sites exhibiting ictal activity (depth or strip electrode; not recorded)	S.zip	S076.txt	31a17a6ddabd768f8cf03bf5150f3d52306a1ee636b4ac5efe9f98a05d723324	4097	-1867	1762	0	0
ieeg/sub-pooled_task-ictal_acq-setE_run-077_ieeg.vhdr	E	S	77	ictal	recording sites exhibiting ictal activity (depth or strip electrode; not recorded)	S.zip	S077.txt	9fb59750506fcda3f058be866856560a9c23a9ba5d422635fddb048fa229a552	4097	-599	243	0	0
ieeg/sub-pooled_task-ictal_acq-setE_run-078_ieeg.vhdr	E	S	78	ictal	recording sites exhibiting ictal activity (depth or strip electrode; not recorded)	S.zip	S078.txt	8e09fd9e1392027f675cf1beb9086cfe8ffbfc8f1d029724be23f6c6646a48bb	4097	-455	399	0	0
ieeg/sub-pooled_task-ictal_acq-setE_run-079_ieeg.vhdr	E	S	79	ictal	recording sites exhibiting ictal activity (depth or strip electrode; not recorded)	S.zip	S079.txt	c6c4fe87cae9158977e77ba540b1b154da89aff7e51b5b8ae95433774eb68a13	4097	-1428	1502	0	0
ieeg/sub-pooled_task-ictal_acq-setE_run-080_ieeg.vhdr	E	S	80	ictal	recording sites exhibiting ictal activity (depth or strip electrode; not recorded)	S.zip	S080.txt	03e45f604bdbd6d7c80ae9b0b46bc5ba1b63f8ff2587f117f32183896859ddfb	4097	-1107	1050	0	0
ieeg/sub-pooled_task-ictal_acq-setE_run-081_ieeg.vhdr	E	S	81	ictal	recording sites exhibiting ictal activity (depth or strip electrode; not recorded)	S.zip	S081.txt	ce132afb70766e85c12c7c0f0565e15e97fcfcfe23ae19cd1bfe8397dd07f985	4097	-1841	1088	0	0
ieeg/sub-pooled_task-ictal_acq-setE_run-082_ieeg.vhdr	E	S	82	ictal	recording sites exhibiting ictal activity (depth or strip electrode; not recorded)	S.zip	S082.txt	098f05610fc2bcc7fda018381b214cec22b28ba5b159694694b1e4ccbe6e0190	4097	-1117	1214	0	0
ieeg/sub-pooled_task-ictal_acq-setE_run-083_ieeg.vhdr	E	S	83	ictal	recording sites exhibiting ictal activity (depth or strip electrode; not recorded)	S.zip	S083.txt	2aefbc2ec8cfae8493e76280da87ad6a597a8f8506a7943eead219bbf03052e9	4097	-454	253	0	0
ieeg/sub-pooled_task-ictal_acq-setE_run-084_ieeg.vhdr	E	S	84	ictal	recording sites exhibiting ictal activity (depth or strip electrode; not recorded)	S.zip	S084.txt	8081d58a3f343efbfe7bfb3f5c1607833ceeb68c160c82820c463ff5cb644870	4097	-461	513	0	0
ieeg/sub-pooled_task-ictal_acq-setE_run-085_ieeg.vhdr	E	S	85	ictal	recording sites exhibiting ictal activity (depth or strip electrode; not recorded)	S.zip	S085.txt	2f06ca9786fa2b1b21d78faab692fa1c540b775181b4595ce28b8177333a73f5	4097	-1740	1000	0	0
ieeg/sub-pooled_task-ictal_acq-setE_run-086_ieeg.vhdr	E	S	86	ictal	recording sites exhibiting ictal activity (depth or strip electrode; not recorded)	S.zip	S086.txt	970f03e9691ad025796fcabe8e016999d7fac5806ddcee1ef91dbdc726c2e290	4097	-589	624	0	0
ieeg/sub-pooled_task-ictal_acq-setE_run-087_ieeg.vhdr	E	S	87	ictal	recording sites exhibiting ictal activity (depth or strip electrode; not recorded)	S.zip	S087.txt	b078fda7393ae5594ace84d2799a97fa4d3424a7d2611e42f042debfb6ea9dd0	4097	-1248	648	0	0
ieeg/sub-pooled_task-ictal_acq-setE_run-088_ieeg.vhdr	E	S	88	ictal	recording sites exhibiting ictal activity (depth or strip electrode; not recorded)	S.zip	S088.txt	97c47ef6a627f990e826243f1a6cb213ca104613c8ff67e90bfffcd4a8c02358	4097	-520	420	0	0
ieeg/sub-pooled_task-ictal_acq-setE_run-089_ieeg.vhdr	E	S	89	ictal	recording sites exhibiting ictal activity (depth or strip electrode; not recorded)	S.zip	S089.txt	dbeff4a4710a2b7a905f7519b442a1d752eb89876c87b17e8ec23c28f8dd3086	4097	-565	784	0	0
ieeg/sub-pooled_task-ictal_acq-setE_run-090_ieeg.vhdr	E	S	90	ictal	recording sites exhibiting ictal activity (depth or strip electrode; not recorded)	S.zip	S090.txt	9b54d723a08e822a2eb2f46feeb03e2a1c218e4b4e080d82d151a3ad534ce448	4097	-1102	1033	0	0
ieeg/sub-pooled_task-ictal_acq-setE_run-091_ieeg.vhdr	E	S	91	ictal	recording sites exhibiting ictal activity (depth or strip electrode; not recorded)	S.zip	S091.txt	681f5b8b55271d724a63d2c2010c57289b3d12ad9aa406e43602722624378636	4097	-1524	1565	0	0
ieeg/sub-pooled_task-ictal_acq-setE_run-092_ieeg.vhdr	E	S	92	ictal	recording sites exhibiting ictal activity (depth or strip electrode; not recorded)	S.zip	S092.txt	67e01dfdbe83a782f6ecbf27ac3aefc19fcea75115428ac6d0e0219c7df47183	4097	-824	951	0	0
ieeg/sub-pooled_task-ictal_acq-setE_run-093_ieeg.vhdr	E	S	93	ictal	recording sites exhibiting ictal activity (depth or strip electrode; not recorded)	S.zip	S093.txt	4d5b388e9f137576dade549269e3c71ae94cf1a91a1b8f09d8d482205906c64d	4097	-1839	1059	0	0
ieeg/sub-pooled_task-ictal_acq-setE_run-094_ieeg.vhdr	E	S	94	ictal	recording sites exhibiting ictal activity (depth or strip electrode; not recorded)	S.zip	S094.txt	001eaa83a5a88819157f01047e5b0220887797d4325bd6cd04bf38a3ed216eee	4097	-792	595	0	0
ieeg/sub-pooled_task-ictal_acq-setE_run-095_ieeg.vhdr	E	S	95	ictal	recording sites exhibiting ictal activity (depth or strip electrode; not recorded)	S.zip	S095.txt	305e11f93c62b4e5d0a90cb7c3817c7d5846037fc86ab99c1feee0b21dae696a	4097	-538	585	0	0
ieeg/sub-pooled_task-ictal_acq-setE_run-096_ieeg.vhdr	E	S	96	ictal	recording sites exhibiting ictal activity (depth or strip electrode; not recorded)	S.zip	S096.txt	10602bbfd83dd3fef20f261fb3c6e21193a6ada8deab61bf8d77657ca0a2435e	4097	-441	348	0	0
ieeg/sub-pooled_task-ictal_acq-setE_run-097_ieeg.vhdr	E	S	97	ictal	recording sites exhibiting ictal activity (depth or strip electrode; not recorded)	S.zip	S097.txt	6a9396bc1924cc639f3d8fec385bec334f44ab2306ce4fd6e7794a0df957d77b	4097	-1341	999	0	0
ieeg/sub-pooled_task-ictal_acq-setE_run-098_ieeg.vhdr	E	S	98	ictal	recording sites exhibiting ictal activity (depth or strip electrode; not recorded)	S.zip	S098.txt	48f93a7c6856967224bb1003b3476ad9551f3344feeecde4554eb85f858095c6	4097	-735	568	0	0
ieeg/sub-pooled_task-ictal_acq-setE_run-099_ieeg.vhdr	E	S	99	ictal	recording sites exhibiting ictal activity (depth or strip electrode; not recorded)	S.zip	S099.txt	5d127b78368457474cc0ea3c5892531a55d646b5934285919cd9f4a00bd50824	4097	-838	1555	0	0
ieeg/sub-pooled_task-ictal_acq-setE_run-100_ieeg.vhdr	E	S	100	ictal	recording sites exhibiting ictal activity (depth or strip electrode; not recorded)	S.zip	S100.txt	0691d9357ff5676fdf795bd2806780af7ddeb36fbad5772f53ad5ee0e6227780	4097	-833	1058	0	0
